contexto,ordem,municipio,portal_oficial,url_informada,url_avaliada,status_validacao_browser,titulo,nota,praticas,aceitaveis,nao_aceitaveis,verificar_manual,json,pdf,erro
mt,2,,,https://camaraacorizal.mt.gov.br/,https://camaraacorizal.mt.gov.br/,,,,,,,,,,"API respondeu HTTP 500: {""statusCode"":500,""error"":""Internal Server Error"",""message"":""Internal server error"",""path"":""/amp/eval/aHR0cHM6Ly9jYW1hcmFhY29yaXphbC5tdC5nb3YuYnIv"",""timestamp"":""2026-09-21T21:04:44.441Z"",""stack"":""Error: Invalid resource: QualWeb returned an empty report.\n    at Object.evaluate (/home/jesus/faculdade/grupo-pesquisa/Egov/analize_sites_Egov/acessamonitor/accessmonitor-docker/src/util/qualweb.ts:64:13)\n    at async executeUrlEvaluation (/home/jesus/faculdade/grupo-pesquisa/Egov/analize_sites_Egov/"
mt,1,,,https://www.acorizal.mt.gov.br/,https://www.acorizal.mt.gov.br/,,,,,,,,,,"API respondeu HTTP 500: {""statusCode"":500,""error"":""Internal Server Error"",""message"":""Internal server error"",""path"":""/amp/eval/aHR0cHM6Ly93d3cuYWNvcml6YWwubXQuZ292LmJyLw%3D%3D"",""timestamp"":""2026-09-21T21:04:46.218Z"",""stack"":""Error: Invalid resource: QualWeb returned an empty report.\n    at Object.evaluate (/home/jesus/faculdade/grupo-pesquisa/Egov/analize_sites_Egov/acessamonitor/accessmonitor-docker/src/util/qualweb.ts:64:13)\n    at async executeUrlEvaluation (/home/jesus/faculdade/grupo-pesquisa/Egov/analize_sites_E"
mt,5,,,https://www.altafloresta.mt.leg.br/,https://www.altafloresta.mt.leg.br/,,Página Inicial — Câmara Municipal,6.5,42,210,82,15,/home/jesus/faculdade/grupo-pesquisa/Egov/analize_sites_Egov/webscrap_accessmonitor/saida_mt/2026-09-21/17-04-38/accessmonitor_www.altafloresta.mt.leg.br_005.json,/home/jesus/faculdade/grupo-pesquisa/Egov/analize_sites_Egov/webscrap_accessmonitor/saida_mt/2026-09-21/17-04-38/accessmonitor_www.altafloresta.mt.leg.br_005.pdf,
mt,6,,,https://altoaraguaia.mt.gov.br/,https://altoaraguaia.mt.gov.br/,,Prefeitura Municipal de Alto Araguaia,5.5,31,253,124,24,/home/jesus/faculdade/grupo-pesquisa/Egov/analize_sites_Egov/webscrap_accessmonitor/saida_mt/2026-09-21/17-04-38/accessmonitor_altoaraguaia.mt.gov.br_006.json,/home/jesus/faculdade/grupo-pesquisa/Egov/analize_sites_Egov/webscrap_accessmonitor/saida_mt/2026-09-21/17-04-38/accessmonitor_altoaraguaia.mt.gov.br_006.pdf,
mt,7,,,https://www.altoaraguaia.mt.leg.br/,https://www.altoaraguaia.mt.leg.br/,,Notícias — CÂMARA MUNICIPAL DE ALTO ARAGUAIA,6.9,40,358,191,19,/home/jesus/faculdade/grupo-pesquisa/Egov/analize_sites_Egov/webscrap_accessmonitor/saida_mt/2026-09-21/17-04-38/accessmonitor_www.altoaraguaia.mt.leg.br_007.json,/home/jesus/faculdade/grupo-pesquisa/Egov/analize_sites_Egov/webscrap_accessmonitor/saida_mt/2026-09-21/17-04-38/accessmonitor_www.altoaraguaia.mt.leg.br_007.pdf,
mt,3,,,https://www.consorcioaltotapajos.com.br/#/home,https://www.consorcioaltotapajos.com.br/#/home,,,,,,,,,,"API respondeu HTTP 500: {""statusCode"":500,""error"":""Internal Server Error"",""message"":""Internal server error"",""path"":""/amp/eval/aHR0cHM6Ly93d3cuY29uc29yY2lvYWx0b3RhcGFqb3MuY29tLmJyLyMvaG9tZQ%3D%3D"",""timestamp"":""2026-09-21T21:05:09.460Z"",""stack"":""Error: Invalid resource: QualWeb returned an empty report.\n    at Object.evaluate (/home/jesus/faculdade/grupo-pesquisa/Egov/analize_sites_Egov/acessamonitor/accessmonitor-docker/src/util/qualweb.ts:64:13)\n    at async executeUrlEvaluation (/home/jesus/faculdade/grupo-pesquisa/"
mt,8,,,https://www.altoboavista.mt.gov.br,https://www.altoboavista.mt.gov.br,,,,,,,,,,"API respondeu HTTP 500: {""statusCode"":500,""error"":""Internal Server Error"",""message"":""Internal server error"",""path"":""/amp/eval/aHR0cHM6Ly93d3cuYWx0b2JvYXZpc3RhLm10Lmdvdi5icg%3D%3D"",""timestamp"":""2026-09-21T21:05:11.660Z"",""stack"":""Error: Invalid resource: QualWeb returned an empty report.\n    at Object.evaluate (/home/jesus/faculdade/grupo-pesquisa/Egov/analize_sites_Egov/acessamonitor/accessmonitor-docker/src/util/qualweb.ts:64:13)\n    at async executeUrlEvaluation (/home/jesus/faculdade/grupo-pesquisa/Egov/analize_sit"
mt,4,,,https://www.altafloresta.mt.gov.br/,https://www.altafloresta.mt.gov.br/,,,,,,,,,,"API respondeu HTTP 500: {""statusCode"":500,""error"":""Internal Server Error"",""message"":""Internal server error"",""path"":""/amp/eval/aHR0cHM6Ly93d3cuYWx0YWZsb3Jlc3RhLm10Lmdvdi5ici8%3D"",""timestamp"":""2026-09-21T21:05:15.503Z"",""stack"":""Error: Invalid resource: QualWeb returned an empty report.\n    at Object.evaluate (/home/jesus/faculdade/grupo-pesquisa/Egov/analize_sites_Egov/acessamonitor/accessmonitor-docker/src/util/qualweb.ts:64:13)\n    at async executeUrlEvaluation (/home/jesus/faculdade/grupo-pesquisa/Egov/analize_sites"
mt,10,,,https://www.altogarcas.mt.leg.br/,https://www.altogarcas.mt.leg.br/,,Início - Câmara Municipal de Alto Garças - MT,7.1,38,840,102,41,/home/jesus/faculdade/grupo-pesquisa/Egov/analize_sites_Egov/webscrap_accessmonitor/saida_mt/2026-09-21/17-04-38/accessmonitor_www.altogarcas.mt.leg.br_010.json,/home/jesus/faculdade/grupo-pesquisa/Egov/analize_sites_Egov/webscrap_accessmonitor/saida_mt/2026-09-21/17-04-38/accessmonitor_www.altogarcas.mt.leg.br_010.pdf,
mt,12,,,https://www.camaradealtoparaguai.com.br/,https://www.camaradealtoparaguai.com.br/,,,,,,,,,,"API respondeu HTTP 500: {""statusCode"":500,""error"":""Internal Server Error"",""message"":""Internal server error"",""path"":""/amp/eval/aHR0cHM6Ly93d3cuY2FtYXJhZGVhbHRvcGFyYWd1YWkuY29tLmJyLw%3D%3D"",""timestamp"":""2026-09-21T21:05:33.655Z"",""stack"":""Error: Invalid resource: QualWeb returned an empty report.\n    at Object.evaluate (/home/jesus/faculdade/grupo-pesquisa/Egov/analize_sites_Egov/acessamonitor/accessmonitor-docker/src/util/qualweb.ts:64:13)\n    at async executeUrlEvaluation (/home/jesus/faculdade/grupo-pesquisa/Egov/ana"
mt,9,,,https://www.altogarcas.mt.gov.br/,https://www.altogarcas.mt.gov.br/,,,,,,,,,,"API respondeu HTTP 500: {""statusCode"":500,""error"":""Internal Server Error"",""message"":""Internal server error"",""path"":""/amp/eval/aHR0cHM6Ly93d3cuYWx0b2dhcmNhcy5tdC5nb3YuYnIv"",""timestamp"":""2026-09-21T21:05:40.569Z"",""stack"":""Error: Invalid resource: QualWeb returned an empty report.\n    at Object.evaluate (/home/jesus/faculdade/grupo-pesquisa/Egov/analize_sites_Egov/acessamonitor/accessmonitor-docker/src/util/qualweb.ts:64:13)\n    at async executeUrlEvaluation (/home/jesus/faculdade/grupo-pesquisa/Egov/analize_sites_Egov/"
mt,11,,,https://www.altoparaguai.mt.gov.br/,https://www.altoparaguai.mt.gov.br/,,Página Inicial - Prefeitura de Alto Paraguai - MT,7.0,46,445,77,127,/home/jesus/faculdade/grupo-pesquisa/Egov/analize_sites_Egov/webscrap_accessmonitor/saida_mt/2026-09-21/17-04-38/accessmonitor_www.altoparaguai.mt.gov.br_011.json,/home/jesus/faculdade/grupo-pesquisa/Egov/analize_sites_Egov/webscrap_accessmonitor/saida_mt/2026-09-21/17-04-38/accessmonitor_www.altoparaguai.mt.gov.br_011.pdf,
mt,15,,,https://www.apiacas.mt.gov.br/,https://www.apiacas.mt.gov.br/,,Página Inicial - Prefeitura de Apiacás Apiacás - MT,7.9,38,493,64,77,/home/jesus/faculdade/grupo-pesquisa/Egov/analize_sites_Egov/webscrap_accessmonitor/saida_mt/2026-09-21/17-04-38/accessmonitor_www.apiacas.mt.gov.br_015.json,/home/jesus/faculdade/grupo-pesquisa/Egov/analize_sites_Egov/webscrap_accessmonitor/saida_mt/2026-09-21/17-04-38/accessmonitor_www.apiacas.mt.gov.br_015.pdf,
mt,14,,,https://www.altotaquari.mt.leg.br/,https://www.altotaquari.mt.leg.br/,,,,,,,,,,"API respondeu HTTP 500: {""statusCode"":500,""error"":""Internal Server Error"",""message"":""Internal server error"",""path"":""/amp/eval/aHR0cHM6Ly93d3cuYWx0b3RhcXVhcmkubXQubGVnLmJyLw%3D%3D"",""timestamp"":""2026-09-21T21:06:11.697Z"",""stack"":""Error: Invalid resource: QualWeb returned an empty report.\n    at Object.evaluate (/home/jesus/faculdade/grupo-pesquisa/Egov/analize_sites_Egov/acessamonitor/accessmonitor-docker/src/util/qualweb.ts:64:13)\n    at async executeUrlEvaluation (/home/jesus/faculdade/grupo-pesquisa/Egov/analize_sit"
mt,17,,,https://www.araguaiana.mt.gov.br/,https://www.araguaiana.mt.gov.br/,,,,,,,,,,"API respondeu HTTP 500: {""statusCode"":500,""error"":""Internal Server Error"",""message"":""Internal server error"",""path"":""/amp/eval/aHR0cHM6Ly93d3cuYXJhZ3VhaWFuYS5tdC5nb3YuYnIv"",""timestamp"":""2026-09-21T21:06:19.520Z"",""stack"":""Error: Invalid resource: QualWeb returned an empty report.\n    at Object.evaluate (/home/jesus/faculdade/grupo-pesquisa/Egov/analize_sites_Egov/acessamonitor/accessmonitor-docker/src/util/qualweb.ts:64:13)\n    at async executeUrlEvaluation (/home/jesus/faculdade/grupo-pesquisa/Egov/analize_sites_Egov/"
mt,18,,,https://araguaiana.mt.leg.br/,https://araguaiana.mt.leg.br/,,,,,,,,,,"API respondeu HTTP 500: {""statusCode"":500,""error"":""Internal Server Error"",""message"":""Internal server error"",""path"":""/amp/eval/aHR0cHM6Ly9hcmFndWFpYW5hLm10LmxlZy5ici8%3D"",""timestamp"":""2026-09-21T21:06:26.339Z"",""stack"":""Error: Invalid resource: QualWeb returned an empty report.\n    at Object.evaluate (/home/jesus/faculdade/grupo-pesquisa/Egov/analize_sites_Egov/acessamonitor/accessmonitor-docker/src/util/qualweb.ts:64:13)\n    at async executeUrlEvaluation (/home/jesus/faculdade/grupo-pesquisa/Egov/analize_sites_Egov/ac"
mt,19,,,https://araguainha.mt.gov.br/,https://araguainha.mt.gov.br/,,Prefeitura Municipal de Araguainha – Prefeitura Municipal de Araguainha,8.4,39,494,30,23,/home/jesus/faculdade/grupo-pesquisa/Egov/analize_sites_Egov/webscrap_accessmonitor/saida_mt/2026-09-21/17-04-38/accessmonitor_araguainha.mt.gov.br_019.json,/home/jesus/faculdade/grupo-pesquisa/Egov/analize_sites_Egov/webscrap_accessmonitor/saida_mt/2026-09-21/17-04-38/accessmonitor_araguainha.mt.gov.br_019.pdf,
mt,16,,,https://www.camaraapiacas.mt.gov.br/,https://www.camaraapiacas.mt.gov.br/,,Página Inicial - Câmara Apiacás,6.1,39,267,111,32,/home/jesus/faculdade/grupo-pesquisa/Egov/analize_sites_Egov/webscrap_accessmonitor/saida_mt/2026-09-21/17-04-38/accessmonitor_www.camaraapiacas.mt.gov.br_016.json,/home/jesus/faculdade/grupo-pesquisa/Egov/analize_sites_Egov/webscrap_accessmonitor/saida_mt/2026-09-21/17-04-38/accessmonitor_www.camaraapiacas.mt.gov.br_016.pdf,
mt,20,,,https://araguainha.mt.leg.br/,https://araguainha.mt.leg.br/,,,,,,,,,,"API respondeu HTTP 500: {""statusCode"":500,""error"":""Internal Server Error"",""message"":""Internal server error"",""path"":""/amp/eval/aHR0cHM6Ly9hcmFndWFpbmhhLm10LmxlZy5ici8%3D"",""timestamp"":""2026-09-21T21:06:41.277Z"",""stack"":""Error: Invalid resource: QualWeb returned an empty report.\n    at Object.evaluate (/home/jesus/faculdade/grupo-pesquisa/Egov/analize_sites_Egov/acessamonitor/accessmonitor-docker/src/util/qualweb.ts:64:13)\n    at async executeUrlEvaluation (/home/jesus/faculdade/grupo-pesquisa/Egov/analize_sites_Egov/ac"
mt,21,,,https://araputanga.mt.gov.br/,https://araputanga.mt.gov.br/,,Prefeitura Municipal de Araputanga,5.9,30,194,126,50,/home/jesus/faculdade/grupo-pesquisa/Egov/analize_sites_Egov/webscrap_accessmonitor/saida_mt/2026-09-21/17-04-38/accessmonitor_araputanga.mt.gov.br_021.json,/home/jesus/faculdade/grupo-pesquisa/Egov/analize_sites_Egov/webscrap_accessmonitor/saida_mt/2026-09-21/17-04-38/accessmonitor_araputanga.mt.gov.br_021.pdf,
mt,22,,,https://araputanga.mt.leg.br/,https://araputanga.mt.leg.br/,,Câmara Municipal de Araputanga,6.6,32,146,157,40,/home/jesus/faculdade/grupo-pesquisa/Egov/analize_sites_Egov/webscrap_accessmonitor/saida_mt/2026-09-21/17-04-38/accessmonitor_araputanga.mt.leg.br_022.json,/home/jesus/faculdade/grupo-pesquisa/Egov/analize_sites_Egov/webscrap_accessmonitor/saida_mt/2026-09-21/17-04-38/accessmonitor_araputanga.mt.leg.br_022.pdf,
mt,23,,,https://www.arenapolis.mt.gov.br/,https://www.arenapolis.mt.gov.br/,,Prefeitura Municipal de Arenápolis,5.8,35,126,164,8,/home/jesus/faculdade/grupo-pesquisa/Egov/analize_sites_Egov/webscrap_accessmonitor/saida_mt/2026-09-21/17-04-38/accessmonitor_www.arenapolis.mt.gov.br_023.json,/home/jesus/faculdade/grupo-pesquisa/Egov/analize_sites_Egov/webscrap_accessmonitor/saida_mt/2026-09-21/17-04-38/accessmonitor_www.arenapolis.mt.gov.br_023.pdf,
mt,24,,,https://arenapolis.mt.leg.br/,https://arenapolis.mt.leg.br/,,Access denied | arenapolis.mt.leg.br used Cloudflare to restrict access | arenapolis.mt.leg.br | Cloudflare,8.7,17,30,28,3,/home/jesus/faculdade/grupo-pesquisa/Egov/analize_sites_Egov/webscrap_accessmonitor/saida_mt/2026-09-21/17-04-38/accessmonitor_arenapolis.mt.leg.br_024.json,/home/jesus/faculdade/grupo-pesquisa/Egov/analize_sites_Egov/webscrap_accessmonitor/saida_mt/2026-09-21/17-04-38/accessmonitor_arenapolis.mt.leg.br_024.pdf,
mt,26,,,https://camaraaripuanamt.com.br/index.php,https://camaraaripuanamt.com.br/index.php,,,,,,,,,,"API respondeu HTTP 500: {""statusCode"":500,""error"":""Internal Server Error"",""message"":""Internal server error"",""path"":""/amp/eval/aHR0cHM6Ly9jYW1hcmFhcmlwdWFuYW10LmNvbS5ici9pbmRleC5waHA%3D"",""timestamp"":""2026-09-21T21:07:00.425Z"",""stack"":""Error: Invalid resource: QualWeb returned an empty report.\n    at Object.evaluate (/home/jesus/faculdade/grupo-pesquisa/Egov/analize_sites_Egov/acessamonitor/accessmonitor-docker/src/util/qualweb.ts:64:13)\n    at async executeUrlEvaluation (/home/jesus/faculdade/grupo-pesquisa/Egov/anali"
mt,27,,,https://www.barradobugres.mt.gov.br/,https://www.barradobugres.mt.gov.br/,,Prefeitura Municipal de Barra do Bugres | Gestão 2025-2028 – Site oficial da Prefeitura Municipal de Barra do Bugres,6.8,35,168,50,35,/home/jesus/faculdade/grupo-pesquisa/Egov/analize_sites_Egov/webscrap_accessmonitor/saida_mt/2026-09-21/17-04-38/accessmonitor_www.barradobugres.mt.gov.br_027.json,/home/jesus/faculdade/grupo-pesquisa/Egov/analize_sites_Egov/webscrap_accessmonitor/saida_mt/2026-09-21/17-04-38/accessmonitor_www.barradobugres.mt.gov.br_027.pdf,
mt,28,,,https://barradobugres.mt.leg.br,https://barradobugres.mt.leg.br,,Câmara Municipal de Barra do Bugres,6.0,35,306,79,17,/home/jesus/faculdade/grupo-pesquisa/Egov/analize_sites_Egov/webscrap_accessmonitor/saida_mt/2026-09-21/17-04-38/accessmonitor_barradobugres.mt.leg.br_028.json,/home/jesus/faculdade/grupo-pesquisa/Egov/analize_sites_Egov/webscrap_accessmonitor/saida_mt/2026-09-21/17-04-38/accessmonitor_barradobugres.mt.leg.br_028.pdf,
mt,25,,,https://www.aripuana.mt.gov.br/#/home,https://www.aripuana.mt.gov.br/#/home,,,,,,,,,,"API respondeu HTTP 500: {""statusCode"":500,""error"":""Internal Server Error"",""message"":""Internal server error"",""path"":""/amp/eval/aHR0cHM6Ly93d3cuYXJpcHVhbmEubXQuZ292LmJyLyMvaG9tZQ%3D%3D"",""timestamp"":""2026-09-21T21:07:22.125Z"",""stack"":""Error: Invalid resource: QualWeb returned an empty report.\n    at Object.evaluate (/home/jesus/faculdade/grupo-pesquisa/Egov/analize_sites_Egov/acessamonitor/accessmonitor-docker/src/util/qualweb.ts:64:13)\n    at async executeUrlEvaluation (/home/jesus/faculdade/grupo-pesquisa/Egov/analize"
mt,30,,,https://www.barradogarcas.mt.gov.br/,https://www.barradogarcas.mt.gov.br/,,Página Inicial - Prefeitura Municipal de Barra do Garças,7.1,38,324,31,38,/home/jesus/faculdade/grupo-pesquisa/Egov/analize_sites_Egov/webscrap_accessmonitor/saida_mt/2026-09-21/17-04-38/accessmonitor_www.barradogarcas.mt.gov.br_030.json,/home/jesus/faculdade/grupo-pesquisa/Egov/analize_sites_Egov/webscrap_accessmonitor/saida_mt/2026-09-21/17-04-38/accessmonitor_www.barradogarcas.mt.gov.br_030.pdf,
mt,13,,,https://www.altotaquari.mt.gov.br/,https://www.altotaquari.mt.gov.br/,,,,,,,,,,Avaliação excedeu 120s.
mt,31,,,https://www.barradogarcas.mt.leg.br/,https://www.barradogarcas.mt.leg.br/,,Página Inicial — Câmara Municipal de Barra do Garças,7.1,40,589,64,19,/home/jesus/faculdade/grupo-pesquisa/Egov/analize_sites_Egov/webscrap_accessmonitor/saida_mt/2026-09-21/17-04-38/accessmonitor_www.barradogarcas.mt.leg.br_031.json,/home/jesus/faculdade/grupo-pesquisa/Egov/analize_sites_Egov/webscrap_accessmonitor/saida_mt/2026-09-21/17-04-38/accessmonitor_www.barradogarcas.mt.leg.br_031.pdf,
mt,32,,,https://www.baraodemelgaco.mt.gov.br/,https://www.baraodemelgaco.mt.gov.br/,,,,,,,,,,"API respondeu HTTP 500: {""statusCode"":500,""error"":""Internal Server Error"",""message"":""Internal server error"",""path"":""/amp/eval/aHR0cHM6Ly93d3cuYmFyYW9kZW1lbGdhY28ubXQuZ292LmJyLw%3D%3D"",""timestamp"":""2026-09-21T21:07:43.751Z"",""stack"":""Error: Invalid resource: QualWeb returned an empty report.\n    at Object.evaluate (/home/jesus/faculdade/grupo-pesquisa/Egov/analize_sites_Egov/acessamonitor/accessmonitor-docker/src/util/qualweb.ts:64:13)\n    at async executeUrlEvaluation (/home/jesus/faculdade/grupo-pesquisa/Egov/analize"
mt,34,,,https://www.boaesperancadonorte.mt.gov.br/,https://www.boaesperancadonorte.mt.gov.br/,,Access denied | www.boaesperancadonorte.mt.gov.br used Cloudflare to restrict access | www.boaesperancadonorte.mt.gov.br | Cloudflare,8.7,17,30,28,3,/home/jesus/faculdade/grupo-pesquisa/Egov/analize_sites_Egov/webscrap_accessmonitor/saida_mt/2026-09-21/17-04-38/accessmonitor_www.boaesperancadonorte.mt.gov.br_034.json,/home/jesus/faculdade/grupo-pesquisa/Egov/analize_sites_Egov/webscrap_accessmonitor/saida_mt/2026-09-21/17-04-38/accessmonitor_www.boaesperancadonorte.mt.gov.br_034.pdf,
mt,33,,,https://baraodemelgaco.mt.leg.br/,https://baraodemelgaco.mt.leg.br/,,,,,,,,,,"API respondeu HTTP 500: {""statusCode"":500,""error"":""Internal Server Error"",""message"":""Internal server error"",""path"":""/amp/eval/aHR0cHM6Ly9iYXJhb2RlbWVsZ2Fjby5tdC5sZWcuYnIv"",""timestamp"":""2026-09-21T21:07:49.626Z"",""stack"":""Error: Invalid resource: QualWeb returned an empty report.\n    at Object.evaluate (/home/jesus/faculdade/grupo-pesquisa/Egov/analize_sites_Egov/acessamonitor/accessmonitor-docker/src/util/qualweb.ts:64:13)\n    at async executeUrlEvaluation (/home/jesus/faculdade/grupo-pesquisa/Egov/analize_sites_Egov/"
mt,35,,,https://www.bomjesusdoaraguaia.mt.gov.br/,https://www.bomjesusdoaraguaia.mt.gov.br/,,,,,,,,,,"API respondeu HTTP 500: {""statusCode"":500,""error"":""Internal Server Error"",""message"":""Internal server error"",""path"":""/amp/eval/aHR0cHM6Ly93d3cuYm9tamVzdXNkb2FyYWd1YWlhLm10Lmdvdi5ici8%3D"",""timestamp"":""2026-09-21T21:07:58.115Z"",""stack"":""Error: Invalid resource: QualWeb returned an empty report.\n    at Object.evaluate (/home/jesus/faculdade/grupo-pesquisa/Egov/analize_sites_Egov/acessamonitor/accessmonitor-docker/src/util/qualweb.ts:64:13)\n    at async executeUrlEvaluation (/home/jesus/faculdade/grupo-pesquisa/Egov/anali"
mt,37,,,https://www.brasnorte.mt.gov.br/,https://www.brasnorte.mt.gov.br/,,Página Principal Prefeitura Municipal de Brasnorte,5.3,37,395,207,26,/home/jesus/faculdade/grupo-pesquisa/Egov/analize_sites_Egov/webscrap_accessmonitor/saida_mt/2026-09-21/17-04-38/accessmonitor_www.brasnorte.mt.gov.br_037.json,/home/jesus/faculdade/grupo-pesquisa/Egov/analize_sites_Egov/webscrap_accessmonitor/saida_mt/2026-09-21/17-04-38/accessmonitor_www.brasnorte.mt.gov.br_037.pdf,
mt,36,,,https://camarabomjesusdoaraguaia.mt.gov.br/,https://camarabomjesusdoaraguaia.mt.gov.br/,,C&#226;mara Municipal de Bom Jesus do Araguaia,6.7,49,270,172,38,/home/jesus/faculdade/grupo-pesquisa/Egov/analize_sites_Egov/webscrap_accessmonitor/saida_mt/2026-09-21/17-04-38/accessmonitor_camarabomjesusdoaraguaia.mt.gov.br_036.json,/home/jesus/faculdade/grupo-pesquisa/Egov/analize_sites_Egov/webscrap_accessmonitor/saida_mt/2026-09-21/17-04-38/accessmonitor_camarabomjesusdoaraguaia.mt.gov.br_036.pdf,
mt,38,,,https://www.camarabrasnorte.mt.gov.br/,https://www.camarabrasnorte.mt.gov.br/,,Página Inicial - Câmara Municipal de Brasnorte - MT,8.1,40,364,43,71,/home/jesus/faculdade/grupo-pesquisa/Egov/analize_sites_Egov/webscrap_accessmonitor/saida_mt/2026-09-21/17-04-38/accessmonitor_www.camarabrasnorte.mt.gov.br_038.json,/home/jesus/faculdade/grupo-pesquisa/Egov/analize_sites_Egov/webscrap_accessmonitor/saida_mt/2026-09-21/17-04-38/accessmonitor_www.camarabrasnorte.mt.gov.br_038.pdf,
mt,40,,,https://www.campinapolis.mt.leg.br/,https://www.campinapolis.mt.leg.br/,,Página Inicial — Câmara Municipal de Campinápolis,7.2,37,239,46,4,/home/jesus/faculdade/grupo-pesquisa/Egov/analize_sites_Egov/webscrap_accessmonitor/saida_mt/2026-09-21/17-04-38/accessmonitor_www.campinapolis.mt.leg.br_040.json,/home/jesus/faculdade/grupo-pesquisa/Egov/analize_sites_Egov/webscrap_accessmonitor/saida_mt/2026-09-21/17-04-38/accessmonitor_www.campinapolis.mt.leg.br_040.pdf,
mt,41,,,https://www.gp.srv.br/transparencia_camponovodoparecis/servlet/home_portal_v2?1,https://www.gp.srv.br/transparencia_camponovodoparecis/servlet/home_portal_v2?1,,Portal de Transparência,6.9,22,309,50,0,/home/jesus/faculdade/grupo-pesquisa/Egov/analize_sites_Egov/webscrap_accessmonitor/saida_mt/2026-09-21/17-04-38/accessmonitor_www.gp.srv.br_041.json,/home/jesus/faculdade/grupo-pesquisa/Egov/analize_sites_Egov/webscrap_accessmonitor/saida_mt/2026-09-21/17-04-38/accessmonitor_www.gp.srv.br_041.pdf,
mt,42,,,https://www.camponovodoparecis.mt.leg.br/,https://www.camponovodoparecis.mt.leg.br/,,Página Inicial — CÂMARA MUNICIPAL,7.2,46,435,53,10,/home/jesus/faculdade/grupo-pesquisa/Egov/analize_sites_Egov/webscrap_accessmonitor/saida_mt/2026-09-21/17-04-38/accessmonitor_www.camponovodoparecis.mt.leg.br_042.json,/home/jesus/faculdade/grupo-pesquisa/Egov/analize_sites_Egov/webscrap_accessmonitor/saida_mt/2026-09-21/17-04-38/accessmonitor_www.camponovodoparecis.mt.leg.br_042.pdf,
mt,43,,,https://campoverde.mt.gov.br/,https://campoverde.mt.gov.br/,,Página Inicial - Prefeitura de Campo Verde - MT,8.4,37,594,25,42,/home/jesus/faculdade/grupo-pesquisa/Egov/analize_sites_Egov/webscrap_accessmonitor/saida_mt/2026-09-21/17-04-38/accessmonitor_campoverde.mt.gov.br_043.json,/home/jesus/faculdade/grupo-pesquisa/Egov/analize_sites_Egov/webscrap_accessmonitor/saida_mt/2026-09-21/17-04-38/accessmonitor_campoverde.mt.gov.br_043.pdf,
mt,44,,,https://www.campoverde.mt.leg.br/,https://www.campoverde.mt.leg.br/,,,,,,,,,,"API respondeu HTTP 500: {""statusCode"":500,""error"":""Internal Server Error"",""message"":""Internal server error"",""path"":""/amp/eval/aHR0cHM6Ly93d3cuY2FtcG92ZXJkZS5tdC5sZWcuYnIv"",""timestamp"":""2026-09-21T21:09:19.695Z"",""stack"":""Error: Invalid resource: QualWeb returned an empty report.\n    at Object.evaluate (/home/jesus/faculdade/grupo-pesquisa/Egov/analize_sites_Egov/acessamonitor/accessmonitor-docker/src/util/qualweb.ts:64:13)\n    at async executeUrlEvaluation (/home/jesus/faculdade/grupo-pesquisa/Egov/analize_sites_Egov/"
mt,29,,,https://www.cisrga.com.br/#/home,https://www.cisrga.com.br/#/home,,,,,,,,,,Avaliação excedeu 120s.
mt,46,,,https://www.camaracamposdejulio.mt.gov.br/home,https://www.camaracamposdejulio.mt.gov.br/home,,,,,,,,,,"API respondeu HTTP 400: {""statusCode"":400,""error"":""Bad Request"",""message"":""The URL provided is invalid."",""path"":""/amp/eval/aHR0cHM6Ly93d3cuY2FtYXJhY2FtcG9zZGVqdWxpby5tdC5nb3YuYnIvaG9tZQ%3D%3D"",""timestamp"":""2026-09-21T21:09:21.516Z"",""stack"":""InvalidUrlException: The URL provided is invalid.\n    at validateUrlRestriction (/home/jesus/faculdade/grupo-pesquisa/Egov/analize_sites_Egov/acessamonitor/accessmonitor-docker/src/common/util.ts:21:11)\n    at async AmpService.evaluateUrl (/home/jesus/faculdade/grupo-pesquisa/Egov"
mt,47,,,https://canabravadonorte.org/,https://canabravadonorte.org/,,Canabrava do Norte,7.4,33,348,43,9,/home/jesus/faculdade/grupo-pesquisa/Egov/analize_sites_Egov/webscrap_accessmonitor/saida_mt/2026-09-21/17-04-38/accessmonitor_canabravadonorte.org_047.json,/home/jesus/faculdade/grupo-pesquisa/Egov/analize_sites_Egov/webscrap_accessmonitor/saida_mt/2026-09-21/17-04-38/accessmonitor_canabravadonorte.org_047.pdf,
mt,48,,,https://canabravadonorte.mt.leg.br/,https://canabravadonorte.mt.leg.br/,,,,,,,,,,"API respondeu HTTP 500: {""statusCode"":500,""error"":""Internal Server Error"",""message"":""Internal server error"",""path"":""/amp/eval/aHR0cHM6Ly9jYW5hYnJhdmFkb25vcnRlLm10LmxlZy5ici8%3D"",""timestamp"":""2026-09-21T21:09:36.489Z"",""stack"":""Error: Invalid resource: QualWeb returned an empty report.\n    at Object.evaluate (/home/jesus/faculdade/grupo-pesquisa/Egov/analize_sites_Egov/acessamonitor/accessmonitor-docker/src/util/qualweb.ts:64:13)\n    at async executeUrlEvaluation (/home/jesus/faculdade/grupo-pesquisa/Egov/analize_sites"
mt,49,,,https://canarana.mt.gov.br/portal/,https://canarana.mt.gov.br/portal/,,Prefeitura Municipal de Canarana,5.8,35,395,296,53,/home/jesus/faculdade/grupo-pesquisa/Egov/analize_sites_Egov/webscrap_accessmonitor/saida_mt/2026-09-21/17-04-38/accessmonitor_canarana.mt.gov.br_049.json,/home/jesus/faculdade/grupo-pesquisa/Egov/analize_sites_Egov/webscrap_accessmonitor/saida_mt/2026-09-21/17-04-38/accessmonitor_canarana.mt.gov.br_049.pdf,
mt,50,,,https://www.canarana.mt.leg.br/,https://www.canarana.mt.leg.br/,,Página Inicial — Câmara Municipal,7.1,39,238,56,12,/home/jesus/faculdade/grupo-pesquisa/Egov/analize_sites_Egov/webscrap_accessmonitor/saida_mt/2026-09-21/17-04-38/accessmonitor_www.canarana.mt.leg.br_050.json,/home/jesus/faculdade/grupo-pesquisa/Egov/analize_sites_Egov/webscrap_accessmonitor/saida_mt/2026-09-21/17-04-38/accessmonitor_www.canarana.mt.leg.br_050.pdf,
mt,45,,,https://www.camposdejulio.mt.gov.br/,https://www.camposdejulio.mt.gov.br/,,Página Inicial - Prefeitura Municipal de Campos de Júlio,5.7,39,222,186,117,/home/jesus/faculdade/grupo-pesquisa/Egov/analize_sites_Egov/webscrap_accessmonitor/saida_mt/2026-09-21/17-04-38/accessmonitor_www.camposdejulio.mt.gov.br_045.json,/home/jesus/faculdade/grupo-pesquisa/Egov/analize_sites_Egov/webscrap_accessmonitor/saida_mt/2026-09-21/17-04-38/accessmonitor_www.camposdejulio.mt.gov.br_045.pdf,
mt,51,,,https://www.carlinda.mt.gov.br/adm/aplicativo.php,https://www.carlinda.mt.gov.br/adm/aplicativo.php,,Página Inicial - Prefeitura de Carlinda Carlinda - MT,7.5,37,551,44,49,/home/jesus/faculdade/grupo-pesquisa/Egov/analize_sites_Egov/webscrap_accessmonitor/saida_mt/2026-09-21/17-04-38/accessmonitor_www.carlinda.mt.gov.br_051.json,/home/jesus/faculdade/grupo-pesquisa/Egov/analize_sites_Egov/webscrap_accessmonitor/saida_mt/2026-09-21/17-04-38/accessmonitor_www.carlinda.mt.gov.br_051.pdf,
mt,53,,,https://www.castanheira.mt.gov.br/,https://www.castanheira.mt.gov.br/,,Prefeitura de Castanheira,7.3,35,402,130,36,/home/jesus/faculdade/grupo-pesquisa/Egov/analize_sites_Egov/webscrap_accessmonitor/saida_mt/2026-09-21/17-04-38/accessmonitor_www.castanheira.mt.gov.br_053.json,/home/jesus/faculdade/grupo-pesquisa/Egov/analize_sites_Egov/webscrap_accessmonitor/saida_mt/2026-09-21/17-04-38/accessmonitor_www.castanheira.mt.gov.br_053.pdf,
mt,39,,,https://www.campinapolis.mt.gov.br/#/home,https://www.campinapolis.mt.gov.br/#/home,,,,,,,,,,Avaliação excedeu 120s.
mt,54,,,https://www.castanheira.mt.leg.br/,https://www.castanheira.mt.leg.br/,,Access denied | www.castanheira.mt.leg.br used Cloudflare to restrict access | www.castanheira.mt.leg.br | Cloudflare,8.7,17,30,28,3,/home/jesus/faculdade/grupo-pesquisa/Egov/analize_sites_Egov/webscrap_accessmonitor/saida_mt/2026-09-21/17-04-38/accessmonitor_www.castanheira.mt.leg.br_054.json,/home/jesus/faculdade/grupo-pesquisa/Egov/analize_sites_Egov/webscrap_accessmonitor/saida_mt/2026-09-21/17-04-38/accessmonitor_www.castanheira.mt.leg.br_054.pdf,
mt,52,,,https://www.camaracarlinda.mt.gov.br/,https://www.camaracarlinda.mt.gov.br/,,· Câmara de Carlinda,6.8,38,207,80,28,/home/jesus/faculdade/grupo-pesquisa/Egov/analize_sites_Egov/webscrap_accessmonitor/saida_mt/2026-09-21/17-04-38/accessmonitor_www.camaracarlinda.mt.gov.br_052.json,/home/jesus/faculdade/grupo-pesquisa/Egov/analize_sites_Egov/webscrap_accessmonitor/saida_mt/2026-09-21/17-04-38/accessmonitor_www.camaracarlinda.mt.gov.br_052.pdf,
mt,55,,,https://www.chapadadosguimaraes.mt.gov.br/,https://www.chapadadosguimaraes.mt.gov.br/,,Página Inicial - Prefeitura Municipal de Chapada dos Guimarães,7.1,46,487,85,76,/home/jesus/faculdade/grupo-pesquisa/Egov/analize_sites_Egov/webscrap_accessmonitor/saida_mt/2026-09-21/17-04-38/accessmonitor_www.chapadadosguimaraes.mt.gov.br_055.json,/home/jesus/faculdade/grupo-pesquisa/Egov/analize_sites_Egov/webscrap_accessmonitor/saida_mt/2026-09-21/17-04-38/accessmonitor_www.chapadadosguimaraes.mt.gov.br_055.pdf,
mt,56,,,https://www.camarachapadadosguimaraes.mt.gov.br,https://www.camarachapadadosguimaraes.mt.gov.br,,,,,,,,,,"API respondeu HTTP 500: {""statusCode"":500,""error"":""Internal Server Error"",""message"":""Internal server error"",""path"":""/amp/eval/aHR0cHM6Ly93d3cuY2FtYXJhY2hhcGFkYWRvc2d1aW1hcmFlcy5tdC5nb3YuYnI%3D"",""timestamp"":""2026-09-21T21:10:52.035Z"",""stack"":""Error: Invalid resource: QualWeb returned an empty report.\n    at Object.evaluate (/home/jesus/faculdade/grupo-pesquisa/Egov/analize_sites_Egov/acessamonitor/accessmonitor-docker/src/util/qualweb.ts:64:13)\n    at async executeUrlEvaluation (/home/jesus/faculdade/grupo-pesquisa/Eg"
mt,59,,,https://www.cocalinho.mt.gov.br/,https://www.cocalinho.mt.gov.br/,,,,,,,,,,"API respondeu HTTP 500: {""statusCode"":500,""error"":""Internal Server Error"",""message"":""Internal server error"",""path"":""/amp/eval/aHR0cHM6Ly93d3cuY29jYWxpbmhvLm10Lmdvdi5ici8%3D"",""timestamp"":""2026-09-21T21:10:52.288Z"",""stack"":""Error: Unable to launch browser, error message: Failed to launch the browser process! undefined\n[219299:219299:0921/171052.275675:ERROR:chrome/browser/process_singleton_posix.cc:345] Failed to create /tmp/puppeteer_dev_profile-nwYsvA/SingletonLock: No such file or directory (2)\n[219299:219299:0921/1"
mt,58,,,https://www.camaraclaudia.mt.gov.br/,https://www.camaraclaudia.mt.gov.br/,,Página Inicial - Câmara Municipal de Cláudia-MT,7.0,41,331,50,27,/home/jesus/faculdade/grupo-pesquisa/Egov/analize_sites_Egov/webscrap_accessmonitor/saida_mt/2026-09-21/17-04-38/accessmonitor_www.camaraclaudia.mt.gov.br_058.json,/home/jesus/faculdade/grupo-pesquisa/Egov/analize_sites_Egov/webscrap_accessmonitor/saida_mt/2026-09-21/17-04-38/accessmonitor_www.camaraclaudia.mt.gov.br_058.pdf,
mt,61,,,https://colniza.mt.gov.br/#/home,https://colniza.mt.gov.br/#/home,,,,,,,,,,"API respondeu HTTP 500: {""statusCode"":500,""error"":""Internal Server Error"",""message"":""Internal server error"",""path"":""/amp/eval/aHR0cHM6Ly9jb2xuaXphLm10Lmdvdi5ici8jL2hvbWU%3D"",""timestamp"":""2026-09-21T21:11:24.829Z"",""stack"":""Error: Invalid resource: QualWeb returned an empty report.\n    at Object.evaluate (/home/jesus/faculdade/grupo-pesquisa/Egov/analize_sites_Egov/acessamonitor/accessmonitor-docker/src/util/qualweb.ts:64:13)\n    at async executeUrlEvaluation (/home/jesus/faculdade/grupo-pesquisa/Egov/analize_sites_Ego"
mt,62,,,https://www.colniza.mt.leg.br/,https://www.colniza.mt.leg.br/,,Página Inicial — Câmara Municipal de Colniza,6.9,42,306,112,11,/home/jesus/faculdade/grupo-pesquisa/Egov/analize_sites_Egov/webscrap_accessmonitor/saida_mt/2026-09-21/17-04-38/accessmonitor_www.colniza.mt.leg.br_062.json,/home/jesus/faculdade/grupo-pesquisa/Egov/analize_sites_Egov/webscrap_accessmonitor/saida_mt/2026-09-21/17-04-38/accessmonitor_www.colniza.mt.leg.br_062.pdf,
mt,63,,,https://cisrnm.com.br/#/home,https://cisrnm.com.br/#/home,,,,,,,,,,"API respondeu HTTP 500: {""statusCode"":500,""error"":""Internal Server Error"",""message"":""Internal server error"",""path"":""/amp/eval/aHR0cHM6Ly9jaXNybm0uY29tLmJyLyMvaG9tZQ%3D%3D"",""timestamp"":""2026-09-21T21:12:32.438Z"",""stack"":""Error: Invalid resource: QualWeb returned an empty report.\n    at Object.evaluate (/home/jesus/faculdade/grupo-pesquisa/Egov/analize_sites_Egov/acessamonitor/accessmonitor-docker/src/util/qualweb.ts:64:13)\n    at async executeUrlEvaluation (/home/jesus/faculdade/grupo-pesquisa/Egov/analize_sites_Egov/"
mt,57,,,https://www.claudia.mt.gov.br/,https://www.claudia.mt.gov.br/,,,,,,,,,,Avaliação excedeu 120s.
mt,64,,,https://www.colider.mt.gov.br/,https://www.colider.mt.gov.br/,,Página Inicial - Prefeitura de Colíder,6.9,46,364,105,64,/home/jesus/faculdade/grupo-pesquisa/Egov/analize_sites_Egov/webscrap_accessmonitor/saida_mt/2026-09-21/17-04-38/accessmonitor_www.colider.mt.gov.br_064.json,/home/jesus/faculdade/grupo-pesquisa/Egov/analize_sites_Egov/webscrap_accessmonitor/saida_mt/2026-09-21/17-04-38/accessmonitor_www.colider.mt.gov.br_064.pdf,
mt,65,,,https://www.camaracolider.mt.gov.br/,https://www.camaracolider.mt.gov.br/,,Página Inicial - Câmara Municipal de Colíder - Mato Grosso,6.3,35,545,45,52,/home/jesus/faculdade/grupo-pesquisa/Egov/analize_sites_Egov/webscrap_accessmonitor/saida_mt/2026-09-21/17-04-38/accessmonitor_www.camaracolider.mt.gov.br_065.json,/home/jesus/faculdade/grupo-pesquisa/Egov/analize_sites_Egov/webscrap_accessmonitor/saida_mt/2026-09-21/17-04-38/accessmonitor_www.camaracolider.mt.gov.br_065.pdf,
mt,60,,,https://cocalinho.mt.leg.br/,https://cocalinho.mt.leg.br/,,,,,,,,,,Avaliação excedeu 120s.
mt,67,,,https://www.comodoro.mt.leg.br/,https://www.comodoro.mt.leg.br/,,Página Inicial — Câmara Municipal de Comodoro,6.9,38,312,201,20,/home/jesus/faculdade/grupo-pesquisa/Egov/analize_sites_Egov/webscrap_accessmonitor/saida_mt/2026-09-21/17-04-38/accessmonitor_www.comodoro.mt.leg.br_067.json,/home/jesus/faculdade/grupo-pesquisa/Egov/analize_sites_Egov/webscrap_accessmonitor/saida_mt/2026-09-21/17-04-38/accessmonitor_www.comodoro.mt.leg.br_067.pdf,
mt,66,,,https://www.comodoro.mt.gov.br/,https://www.comodoro.mt.gov.br/,,Página Inicial - Prefeitura de Comodoro Comodoro - MT,6.7,39,282,67,68,/home/jesus/faculdade/grupo-pesquisa/Egov/analize_sites_Egov/webscrap_accessmonitor/saida_mt/2026-09-21/17-04-38/accessmonitor_www.comodoro.mt.gov.br_066.json,/home/jesus/faculdade/grupo-pesquisa/Egov/analize_sites_Egov/webscrap_accessmonitor/saida_mt/2026-09-21/17-04-38/accessmonitor_www.comodoro.mt.gov.br_066.pdf,
mt,69,,,https://www.confresa.org/,https://www.confresa.org/,,,4.1,9,2,3,0,/home/jesus/faculdade/grupo-pesquisa/Egov/analize_sites_Egov/webscrap_accessmonitor/saida_mt/2026-09-21/17-04-38/accessmonitor_www.confresa.org_069.json,/home/jesus/faculdade/grupo-pesquisa/Egov/analize_sites_Egov/webscrap_accessmonitor/saida_mt/2026-09-21/17-04-38/accessmonitor_www.confresa.org_069.pdf,
mt,68,,,https://portal.cisax-mt.agilicloud.com.br/,https://portal.cisax-mt.agilicloud.com.br/,,ÁGILI Cidade Digital®,4.2,30,82,199,7,/home/jesus/faculdade/grupo-pesquisa/Egov/analize_sites_Egov/webscrap_accessmonitor/saida_mt/2026-09-21/17-04-38/accessmonitor_portal.cisax-mt.agilicloud.com.br_068.json,/home/jesus/faculdade/grupo-pesquisa/Egov/analize_sites_Egov/webscrap_accessmonitor/saida_mt/2026-09-21/17-04-38/accessmonitor_portal.cisax-mt.agilicloud.com.br_068.pdf,
mt,72,,,https://www.conquistadoeste.mt.leg.br,https://www.conquistadoeste.mt.leg.br,,Página Inicial — Câmara Municipal,6.9,38,250,133,13,/home/jesus/faculdade/grupo-pesquisa/Egov/analize_sites_Egov/webscrap_accessmonitor/saida_mt/2026-09-21/17-04-38/accessmonitor_www.conquistadoeste.mt.leg.br_072.json,/home/jesus/faculdade/grupo-pesquisa/Egov/analize_sites_Egov/webscrap_accessmonitor/saida_mt/2026-09-21/17-04-38/accessmonitor_www.conquistadoeste.mt.leg.br_072.pdf,
mt,70,,,https://www.confresa.mt.leg.br/,https://www.confresa.mt.leg.br/,,,,,,,,,,"API respondeu HTTP 500: {""statusCode"":500,""error"":""Internal Server Error"",""message"":""Internal server error"",""path"":""/amp/eval/aHR0cHM6Ly93d3cuY29uZnJlc2EubXQubGVnLmJyLw%3D%3D"",""timestamp"":""2026-09-21T21:13:15.290Z"",""stack"":""Error: Invalid resource: QualWeb returned an empty report.\n    at Object.evaluate (/home/jesus/faculdade/grupo-pesquisa/Egov/analize_sites_Egov/acessamonitor/accessmonitor-docker/src/util/qualweb.ts:64:13)\n    at async executeUrlEvaluation (/home/jesus/faculdade/grupo-pesquisa/Egov/analize_sites_E"
mt,73,,,https://www.cotriguacu.mt.gov.br/,https://www.cotriguacu.mt.gov.br/,,Access denied | www.cotriguacu.mt.gov.br used Cloudflare to restrict access | www.cotriguacu.mt.gov.br | Cloudflare,8.7,17,30,28,3,/home/jesus/faculdade/grupo-pesquisa/Egov/analize_sites_Egov/webscrap_accessmonitor/saida_mt/2026-09-21/17-04-38/accessmonitor_www.cotriguacu.mt.gov.br_073.json,/home/jesus/faculdade/grupo-pesquisa/Egov/analize_sites_Egov/webscrap_accessmonitor/saida_mt/2026-09-21/17-04-38/accessmonitor_www.cotriguacu.mt.gov.br_073.pdf,
mt,74,,,https://www.cotriguacu.mt.leg.br/,https://www.cotriguacu.mt.leg.br/,,Página Inicial — Câmara Municipal de Cotriguaçu,7.2,38,369,51,17,/home/jesus/faculdade/grupo-pesquisa/Egov/analize_sites_Egov/webscrap_accessmonitor/saida_mt/2026-09-21/17-04-38/accessmonitor_www.cotriguacu.mt.leg.br_074.json,/home/jesus/faculdade/grupo-pesquisa/Egov/analize_sites_Egov/webscrap_accessmonitor/saida_mt/2026-09-21/17-04-38/accessmonitor_www.cotriguacu.mt.leg.br_074.pdf,
mt,76,,,https://www.cisvarc.com.br/,https://www.cisvarc.com.br/,,,,,,,,,,"API respondeu HTTP 500: {""statusCode"":500,""error"":""Internal Server Error"",""message"":""Internal server error"",""path"":""/amp/eval/aHR0cHM6Ly93d3cuY2lzdmFyYy5jb20uYnIv"",""timestamp"":""2026-09-21T21:13:33.135Z"",""stack"":""Error: Invalid resource: QualWeb returned an empty report.\n    at Object.evaluate (/home/jesus/faculdade/grupo-pesquisa/Egov/analize_sites_Egov/acessamonitor/accessmonitor-docker/src/util/qualweb.ts:64:13)\n    at async executeUrlEvaluation (/home/jesus/faculdade/grupo-pesquisa/Egov/analize_sites_Egov/acessamo"
mt,75,,,https://www.consorciovaledoriocuiaba.com.br,https://www.consorciovaledoriocuiaba.com.br,,Consórcio Vale do Rio Cuiabá – Consórcio Intermunicipal de Desenvolvimento Econômico e Social Vale do Rio Cuiabá,5.8,38,514,250,54,/home/jesus/faculdade/grupo-pesquisa/Egov/analize_sites_Egov/webscrap_accessmonitor/saida_mt/2026-09-21/17-04-38/accessmonitor_www.consorciovaledoriocuiaba.com.br_075.json,/home/jesus/faculdade/grupo-pesquisa/Egov/analize_sites_Egov/webscrap_accessmonitor/saida_mt/2026-09-21/17-04-38/accessmonitor_www.consorciovaledoriocuiaba.com.br_075.pdf,
mt,77,,,https://www.consprev.com.br/,https://www.consprev.com.br/,,,,,,,,,,"API respondeu HTTP 500: {""statusCode"":500,""error"":""Internal Server Error"",""message"":""Internal server error"",""path"":""/amp/eval/aHR0cHM6Ly93d3cuY29uc3ByZXYuY29tLmJyLw%3D%3D"",""timestamp"":""2026-09-21T21:14:04.603Z"",""stack"":""Error: Invalid resource: QualWeb returned an empty report.\n    at Object.evaluate (/home/jesus/faculdade/grupo-pesquisa/Egov/analize_sites_Egov/acessamonitor/accessmonitor-docker/src/util/qualweb.ts:64:13)\n    at async executeUrlEvaluation (/home/jesus/faculdade/grupo-pesquisa/Egov/analize_sites_Egov/"
mt,78,,,https://www.defensoria.mt.def.br/dpmt/portal/,https://www.defensoria.mt.def.br/dpmt/portal/,,,,,,,,,,"API respondeu HTTP 500: {""statusCode"":500,""error"":""Internal Server Error"",""message"":""Internal server error"",""path"":""/amp/eval/aHR0cHM6Ly93d3cuZGVmZW5zb3JpYS5tdC5kZWYuYnIvZHBtdC9wb3J0YWwv"",""timestamp"":""2026-09-21T21:14:06.490Z"",""stack"":""Error: Invalid resource: QualWeb returned an empty report.\n    at Object.evaluate (/home/jesus/faculdade/grupo-pesquisa/Egov/analize_sites_Egov/acessamonitor/accessmonitor-docker/src/util/qualweb.ts:64:13)\n    at async executeUrlEvaluation (/home/jesus/faculdade/grupo-pesquisa/Egov/ana"
mt,80,,,https://www.mti.mt.gov.br/,https://www.mti.mt.gov.br/,,,,,,,,,,"API respondeu HTTP 500: {""statusCode"":500,""error"":""Internal Server Error"",""message"":""Internal server error"",""path"":""/amp/eval/aHR0cHM6Ly93d3cubXRpLm10Lmdvdi5ici8%3D"",""timestamp"":""2026-09-21T21:14:27.577Z"",""stack"":""Error: Invalid resource: QualWeb returned an empty report.\n    at Object.evaluate (/home/jesus/faculdade/grupo-pesquisa/Egov/analize_sites_Egov/acessamonitor/accessmonitor-docker/src/util/qualweb.ts:64:13)\n    at runNextTicks (node:internal/process/task_queues:65:5)\n    at listOnTimeout (node:internal/time"
mt,71,,,https://www.conquistadoeste.mt.gov.br/,https://www.conquistadoeste.mt.gov.br/,,,,,,,,,,Avaliação excedeu 120s.
mt,82,,,https://www.desenvolve.mt.gov.br/,https://www.desenvolve.mt.gov.br/,,Desenvolve MT | Desenvolve MT,5.8,38,1086,83,69,/home/jesus/faculdade/grupo-pesquisa/Egov/analize_sites_Egov/webscrap_accessmonitor/saida_mt/2026-09-21/17-04-38/accessmonitor_www.desenvolve.mt.gov.br_082.json,/home/jesus/faculdade/grupo-pesquisa/Egov/analize_sites_Egov/webscrap_accessmonitor/saida_mt/2026-09-21/17-04-38/accessmonitor_www.desenvolve.mt.gov.br_082.pdf,
mt,81,,,https://www.mtpar.mt.gov.br/,https://www.mtpar.mt.gov.br/,,"MTPAR | MT Participações e Projetos S.A | Avenida Dr. Hélio Ribeiro, Nº 525, Edifício Helbor Dual Business - 5º Andar. Cuiabá - Mato Grosso",7.0,47,517,48,8,/home/jesus/faculdade/grupo-pesquisa/Egov/analize_sites_Egov/webscrap_accessmonitor/saida_mt/2026-09-21/17-04-38/accessmonitor_www.mtpar.mt.gov.br_081.json,/home/jesus/faculdade/grupo-pesquisa/Egov/analize_sites_Egov/webscrap_accessmonitor/saida_mt/2026-09-21/17-04-38/accessmonitor_www.mtpar.mt.gov.br_081.pdf,
mt,83,,,https://mtgas.com.br/,https://mtgas.com.br/,,"MTGÁS Companhia Mato-grossense de Gás – R. Eng. Endereço: Rua Edgar Prado Arze, 297 – Centro Político Administrativo",6.8,39,960,84,14,/home/jesus/faculdade/grupo-pesquisa/Egov/analize_sites_Egov/webscrap_accessmonitor/saida_mt/2026-09-21/17-04-38/accessmonitor_mtgas.com.br_083.json,/home/jesus/faculdade/grupo-pesquisa/Egov/analize_sites_Egov/webscrap_accessmonitor/saida_mt/2026-09-21/17-04-38/accessmonitor_mtgas.com.br_083.pdf,
mt,79,,,https://www.metamat.mt.gov.br/,https://www.metamat.mt.gov.br/,,,,,,,,,,Avaliação excedeu 120s.
mt,85,,,https://www.cuiaba.mt.gov.br/,https://www.cuiaba.mt.gov.br/,,,,,,,,,,"API respondeu HTTP 500: {""statusCode"":500,""error"":""Internal Server Error"",""message"":""Internal server error"",""path"":""/amp/eval/aHR0cHM6Ly93d3cuY3VpYWJhLm10Lmdvdi5ici8%3D"",""timestamp"":""2026-09-21T21:16:18.249Z"",""stack"":""Error: Invalid resource: QualWeb returned an empty report.\n    at Object.evaluate (/home/jesus/faculdade/grupo-pesquisa/Egov/analize_sites_Egov/acessamonitor/accessmonitor-docker/src/util/qualweb.ts:64:13)\n    at async executeUrlEvaluation (/home/jesus/faculdade/grupo-pesquisa/Egov/analize_sites_Egov/ac"
mt,86,,,https://www.tjmt.jus.br/,https://www.tjmt.jus.br/,,Site em manutenção — TJMT,8.4,20,32,3,1,/home/jesus/faculdade/grupo-pesquisa/Egov/analize_sites_Egov/webscrap_accessmonitor/saida_mt/2026-09-21/17-04-38/accessmonitor_www.tjmt.jus.br_086.json,/home/jesus/faculdade/grupo-pesquisa/Egov/analize_sites_Egov/webscrap_accessmonitor/saida_mt/2026-09-21/17-04-38/accessmonitor_www.tjmt.jus.br_086.pdf,
mt,87,,,https://www.al.mt.gov.br/,https://www.al.mt.gov.br/,,,,,,,,,,"API respondeu HTTP 500: {""statusCode"":500,""error"":""Internal Server Error"",""message"":""Internal server error"",""path"":""/amp/eval/aHR0cHM6Ly93d3cuYWwubXQuZ292LmJyLw%3D%3D"",""timestamp"":""2026-09-21T21:16:49.850Z"",""stack"":""Error: Invalid resource: QualWeb returned an empty report.\n    at Object.evaluate (/home/jesus/faculdade/grupo-pesquisa/Egov/analize_sites_Egov/acessamonitor/accessmonitor-docker/src/util/qualweb.ts:64:13)\n    at async executeUrlEvaluation (/home/jesus/faculdade/grupo-pesquisa/Egov/analize_sites_Egov/aces"
mt,89,,,https://www.mpmt.mp.br/,https://www.mpmt.mp.br/,,Ministério Público do Estado de Mato Grosso,5.6,40,100,218,18,/home/jesus/faculdade/grupo-pesquisa/Egov/analize_sites_Egov/webscrap_accessmonitor/saida_mt/2026-09-21/17-04-38/accessmonitor_www.mpmt.mp.br_089.json,/home/jesus/faculdade/grupo-pesquisa/Egov/analize_sites_Egov/webscrap_accessmonitor/saida_mt/2026-09-21/17-04-38/accessmonitor_www.mpmt.mp.br_089.pdf,
mt,84,,,https://portal.mt.gov.br/,https://portal.mt.gov.br/,,,,,,,,,,Avaliação excedeu 120s.
mt,91,,,https://www.curvelandia.mt.gov.br/,https://www.curvelandia.mt.gov.br/,,Access denied | www.curvelandia.mt.gov.br used Cloudflare to restrict access | www.curvelandia.mt.gov.br | Cloudflare,8.7,17,30,28,3,/home/jesus/faculdade/grupo-pesquisa/Egov/analize_sites_Egov/webscrap_accessmonitor/saida_mt/2026-09-21/17-04-38/accessmonitor_www.curvelandia.mt.gov.br_091.json,/home/jesus/faculdade/grupo-pesquisa/Egov/analize_sites_Egov/webscrap_accessmonitor/saida_mt/2026-09-21/17-04-38/accessmonitor_www.curvelandia.mt.gov.br_091.pdf,
mt,92,,,https://curvelandia.mt.leg.br/,https://curvelandia.mt.leg.br/,,Access denied | curvelandia.mt.leg.br used Cloudflare to restrict access | curvelandia.mt.leg.br | Cloudflare,8.7,17,30,28,3,/home/jesus/faculdade/grupo-pesquisa/Egov/analize_sites_Egov/webscrap_accessmonitor/saida_mt/2026-09-21/17-04-38/accessmonitor_curvelandia.mt.leg.br_092.json,/home/jesus/faculdade/grupo-pesquisa/Egov/analize_sites_Egov/webscrap_accessmonitor/saida_mt/2026-09-21/17-04-38/accessmonitor_curvelandia.mt.leg.br_092.pdf,
mt,88,,,https://www.camaracuiaba.mt.gov.br/,https://www.camaracuiaba.mt.gov.br/,,Câmara Municipal de Cuiabá,9.7,36,903,20,122,/home/jesus/faculdade/grupo-pesquisa/Egov/analize_sites_Egov/webscrap_accessmonitor/saida_mt/2026-09-21/17-04-38/accessmonitor_www.camaracuiaba.mt.gov.br_088.json,/home/jesus/faculdade/grupo-pesquisa/Egov/analize_sites_Egov/webscrap_accessmonitor/saida_mt/2026-09-21/17-04-38/accessmonitor_www.camaracuiaba.mt.gov.br_088.pdf,
mt,94,,,https://www.caceres.mt.leg.br/,https://www.caceres.mt.leg.br/,,Página Inicial — Câmara Municipal de Cáceres,7.5,44,379,45,18,/home/jesus/faculdade/grupo-pesquisa/Egov/analize_sites_Egov/webscrap_accessmonitor/saida_mt/2026-09-21/17-04-38/accessmonitor_www.caceres.mt.leg.br_094.json,/home/jesus/faculdade/grupo-pesquisa/Egov/analize_sites_Egov/webscrap_accessmonitor/saida_mt/2026-09-21/17-04-38/accessmonitor_www.caceres.mt.leg.br_094.pdf,
mt,95,,,https://www.denise.mt.gov.br/,https://www.denise.mt.gov.br/,,Access denied | www.denise.mt.gov.br used Cloudflare to restrict access | www.denise.mt.gov.br | Cloudflare,8.7,17,30,28,3,/home/jesus/faculdade/grupo-pesquisa/Egov/analize_sites_Egov/webscrap_accessmonitor/saida_mt/2026-09-21/17-04-38/accessmonitor_www.denise.mt.gov.br_095.json,/home/jesus/faculdade/grupo-pesquisa/Egov/analize_sites_Egov/webscrap_accessmonitor/saida_mt/2026-09-21/17-04-38/accessmonitor_www.denise.mt.gov.br_095.pdf,
mt,96,,,https://www.denise.mt.leg.br/,https://www.denise.mt.leg.br/,,Câmara Municipal de Denise,5.9,31,94,95,17,/home/jesus/faculdade/grupo-pesquisa/Egov/analize_sites_Egov/webscrap_accessmonitor/saida_mt/2026-09-21/17-04-38/accessmonitor_www.denise.mt.leg.br_096.json,/home/jesus/faculdade/grupo-pesquisa/Egov/analize_sites_Egov/webscrap_accessmonitor/saida_mt/2026-09-21/17-04-38/accessmonitor_www.denise.mt.leg.br_096.pdf,
mt,93,,,https://www.caceres.mt.gov.br/,https://www.caceres.mt.gov.br/,,,,,,,,,,"API respondeu HTTP 500: {""statusCode"":500,""error"":""Internal Server Error"",""message"":""Internal server error"",""path"":""/amp/eval/aHR0cHM6Ly93d3cuY2FjZXJlcy5tdC5nb3YuYnIv"",""timestamp"":""2026-09-21T21:18:29.335Z"",""stack"":""Error: Invalid resource: QualWeb returned an empty report.\n    at Object.evaluate (/home/jesus/faculdade/grupo-pesquisa/Egov/analize_sites_Egov/acessamonitor/accessmonitor-docker/src/util/qualweb.ts:64:13)\n    at async executeUrlEvaluation (/home/jesus/faculdade/grupo-pesquisa/Egov/analize_sites_Egov/aces"
mt,97,,,https://www.ciscn.com.br/#/home,https://www.ciscn.com.br/#/home,,,,,,,,,,"API respondeu HTTP 500: {""statusCode"":500,""error"":""Internal Server Error"",""message"":""Internal server error"",""path"":""/amp/eval/aHR0cHM6Ly93d3cuY2lzY24uY29tLmJyLyMvaG9tZQ%3D%3D"",""timestamp"":""2026-09-21T21:18:56.202Z"",""stack"":""Error: Invalid resource: QualWeb returned an empty report.\n    at Object.evaluate (/home/jesus/faculdade/grupo-pesquisa/Egov/analize_sites_Egov/acessamonitor/accessmonitor-docker/src/util/qualweb.ts:64:13)\n    at async executeUrlEvaluation (/home/jesus/faculdade/grupo-pesquisa/Egov/analize_sites_E"
mt,99,,,https://www.diamantino.mt.leg.br/,https://www.diamantino.mt.leg.br/,,Página Inicial — Câmara Municipal de Diamantino,7.1,40,348,55,22,/home/jesus/faculdade/grupo-pesquisa/Egov/analize_sites_Egov/webscrap_accessmonitor/saida_mt/2026-09-21/17-04-38/accessmonitor_www.diamantino.mt.leg.br_099.json,/home/jesus/faculdade/grupo-pesquisa/Egov/analize_sites_Egov/webscrap_accessmonitor/saida_mt/2026-09-21/17-04-38/accessmonitor_www.diamantino.mt.leg.br_099.pdf,
mt,90,,,https://www.tce.mt.gov.br/,https://www.tce.mt.gov.br/,,,,,,,,,,Avaliação excedeu 120s.
mt,98,,,https://www.diamantino.mt.gov.br/,https://www.diamantino.mt.gov.br/,,Página Principal - Prefeitura de Diamantino,6.7,35,274,97,28,/home/jesus/faculdade/grupo-pesquisa/Egov/analize_sites_Egov/webscrap_accessmonitor/saida_mt/2026-09-21/17-04-38/accessmonitor_www.diamantino.mt.gov.br_098.json,/home/jesus/faculdade/grupo-pesquisa/Egov/analize_sites_Egov/webscrap_accessmonitor/saida_mt/2026-09-21/17-04-38/accessmonitor_www.diamantino.mt.gov.br_098.pdf,
mt,100,,,https://www.domaquino.mt.gov.br/,https://www.domaquino.mt.gov.br/,,Prefeitura Municipal de Dom Aquino,6.0,36,211,59,11,/home/jesus/faculdade/grupo-pesquisa/Egov/analize_sites_Egov/webscrap_accessmonitor/saida_mt/2026-09-21/17-04-38/accessmonitor_www.domaquino.mt.gov.br_100.json,/home/jesus/faculdade/grupo-pesquisa/Egov/analize_sites_Egov/webscrap_accessmonitor/saida_mt/2026-09-21/17-04-38/accessmonitor_www.domaquino.mt.gov.br_100.pdf,
mt,103,,,https://www.feliznatal.mt.leg.br/,https://www.feliznatal.mt.leg.br/,,Home — Câmara Municipal de Feliz Natal,7.2,35,246,70,28,/home/jesus/faculdade/grupo-pesquisa/Egov/analize_sites_Egov/webscrap_accessmonitor/saida_mt/2026-09-21/17-04-38/accessmonitor_www.feliznatal.mt.leg.br_103.json,/home/jesus/faculdade/grupo-pesquisa/Egov/analize_sites_Egov/webscrap_accessmonitor/saida_mt/2026-09-21/17-04-38/accessmonitor_www.feliznatal.mt.leg.br_103.pdf,
mt,104,,,https://figueiropolisdoeste.mt.gov.br/,https://figueiropolisdoeste.mt.gov.br/,,Prefeitura Municipal de Figueirópolis d' Oeste-MT,5.6,36,224,302,36,/home/jesus/faculdade/grupo-pesquisa/Egov/analize_sites_Egov/webscrap_accessmonitor/saida_mt/2026-09-21/17-04-38/accessmonitor_figueiropolisdoeste.mt.gov.br_104.json,/home/jesus/faculdade/grupo-pesquisa/Egov/analize_sites_Egov/webscrap_accessmonitor/saida_mt/2026-09-21/17-04-38/accessmonitor_figueiropolisdoeste.mt.gov.br_104.pdf,
mt,105,,,https://figueiropolisdoeste.mt.leg.br/,https://figueiropolisdoeste.mt.leg.br/,,Access denied | figueiropolisdoeste.mt.leg.br used Cloudflare to restrict access | figueiropolisdoeste.mt.leg.br | Cloudflare,8.7,17,30,28,3,/home/jesus/faculdade/grupo-pesquisa/Egov/analize_sites_Egov/webscrap_accessmonitor/saida_mt/2026-09-21/17-04-38/accessmonitor_figueiropolisdoeste.mt.leg.br_105.json,/home/jesus/faculdade/grupo-pesquisa/Egov/analize_sites_Egov/webscrap_accessmonitor/saida_mt/2026-09-21/17-04-38/accessmonitor_figueiropolisdoeste.mt.leg.br_105.pdf,
mt,102,,,https://www.feliznatal.mt.gov.br/home,https://www.feliznatal.mt.gov.br/home,,,,,,,,,,"API respondeu HTTP 500: {""statusCode"":500,""error"":""Internal Server Error"",""message"":""Internal server error"",""path"":""/amp/eval/aHR0cHM6Ly93d3cuZmVsaXpuYXRhbC5tdC5nb3YuYnIvaG9tZQ%3D%3D"",""timestamp"":""2026-09-21T21:19:42.825Z"",""stack"":""Error: Invalid resource: QualWeb returned an empty report.\n    at Object.evaluate (/home/jesus/faculdade/grupo-pesquisa/Egov/analize_sites_Egov/acessamonitor/accessmonitor-docker/src/util/qualweb.ts:64:13)\n    at async executeUrlEvaluation (/home/jesus/faculdade/grupo-pesquisa/Egov/analize"
mt,106,,,https://www.gauchadonorte.mt.gov.br/,https://www.gauchadonorte.mt.gov.br/,,Prefeitura Municipal de Gaúcha do Norte MT,6.8,35,310,174,33,/home/jesus/faculdade/grupo-pesquisa/Egov/analize_sites_Egov/webscrap_accessmonitor/saida_mt/2026-09-21/17-04-38/accessmonitor_www.gauchadonorte.mt.gov.br_106.json,/home/jesus/faculdade/grupo-pesquisa/Egov/analize_sites_Egov/webscrap_accessmonitor/saida_mt/2026-09-21/17-04-38/accessmonitor_www.gauchadonorte.mt.gov.br_106.pdf,
mt,107,,,https://www.gauchadonorte.mt.leg.br/,https://www.gauchadonorte.mt.leg.br/,,Câmara de Vereadores de Gaúcha do Norte,7.2,36,184,143,25,/home/jesus/faculdade/grupo-pesquisa/Egov/analize_sites_Egov/webscrap_accessmonitor/saida_mt/2026-09-21/17-04-38/accessmonitor_www.gauchadonorte.mt.leg.br_107.json,/home/jesus/faculdade/grupo-pesquisa/Egov/analize_sites_Egov/webscrap_accessmonitor/saida_mt/2026-09-21/17-04-38/accessmonitor_www.gauchadonorte.mt.leg.br_107.pdf,
mt,108,,,https://www.generalcarneiro.mt.gov.br/,https://www.generalcarneiro.mt.gov.br/,,,,,,,,,,"API respondeu HTTP 500: {""statusCode"":500,""error"":""Internal Server Error"",""message"":""Internal server error"",""path"":""/amp/eval/aHR0cHM6Ly93d3cuZ2VuZXJhbGNhcm5laXJvLm10Lmdvdi5ici8%3D"",""timestamp"":""2026-09-21T21:19:59.057Z"",""stack"":""Error: Invalid resource: QualWeb returned an empty report.\n    at Object.evaluate (/home/jesus/faculdade/grupo-pesquisa/Egov/analize_sites_Egov/acessamonitor/accessmonitor-docker/src/util/qualweb.ts:64:13)\n    at async executeUrlEvaluation (/home/jesus/faculdade/grupo-pesquisa/Egov/analize_s"
mt,110,,,https://www.gloriadoeste.mt.gov.br/,https://www.gloriadoeste.mt.gov.br/,,Access denied | www.gloriadoeste.mt.gov.br used Cloudflare to restrict access | www.gloriadoeste.mt.gov.br | Cloudflare,8.7,17,30,28,3,/home/jesus/faculdade/grupo-pesquisa/Egov/analize_sites_Egov/webscrap_accessmonitor/saida_mt/2026-09-21/17-04-38/accessmonitor_www.gloriadoeste.mt.gov.br_110.json,/home/jesus/faculdade/grupo-pesquisa/Egov/analize_sites_Egov/webscrap_accessmonitor/saida_mt/2026-09-21/17-04-38/accessmonitor_www.gloriadoeste.mt.gov.br_110.pdf,
mt,111,,,https://www.gloriadoeste.mt.leg.br/,https://www.gloriadoeste.mt.leg.br/,,Access denied | www.gloriadoeste.mt.leg.br used Cloudflare to restrict access | www.gloriadoeste.mt.leg.br | Cloudflare,8.7,17,30,28,3,/home/jesus/faculdade/grupo-pesquisa/Egov/analize_sites_Egov/webscrap_accessmonitor/saida_mt/2026-09-21/17-04-38/accessmonitor_www.gloriadoeste.mt.leg.br_111.json,/home/jesus/faculdade/grupo-pesquisa/Egov/analize_sites_Egov/webscrap_accessmonitor/saida_mt/2026-09-21/17-04-38/accessmonitor_www.gloriadoeste.mt.leg.br_111.pdf,
mt,101,,,https://domaquino.oxy.elotech.com.br/portaltransparencia/3/,https://domaquino.oxy.elotech.com.br/portaltransparencia/3/,,,,,,,,,,Avaliação excedeu 120s.
mt,113,,,https://camaraguarantadonorte.mt.gov.br,https://camaraguarantadonorte.mt.gov.br,,,,,,,,,,"API respondeu HTTP 500: {""statusCode"":500,""error"":""Internal Server Error"",""message"":""Internal server error"",""path"":""/amp/eval/aHR0cHM6Ly9jYW1hcmFndWFyYW50YWRvbm9ydGUubXQuZ292LmJy"",""timestamp"":""2026-09-21T21:21:27.208Z"",""stack"":""Error: Invalid resource: QualWeb returned an empty report.\n    at Object.evaluate (/home/jesus/faculdade/grupo-pesquisa/Egov/analize_sites_Egov/acessamonitor/accessmonitor-docker/src/util/qualweb.ts:64:13)\n    at async executeUrlEvaluation (/home/jesus/faculdade/grupo-pesquisa/Egov/analize_sit"
mt,109,,,http://www.camarageneralcarneiro.mt.gov.br/,http://www.camarageneralcarneiro.mt.gov.br/,,,,,,,,,,Avaliação excedeu 120s.
mt,114,,,https://guiratinga.mt.gov.br/,https://guiratinga.mt.gov.br/,,,,,,,,,,"API respondeu HTTP 500: {""statusCode"":500,""error"":""Internal Server Error"",""message"":""Internal server error"",""path"":""/amp/eval/aHR0cHM6Ly9ndWlyYXRpbmdhLm10Lmdvdi5ici8%3D"",""timestamp"":""2026-09-21T21:21:58.173Z"",""stack"":""Error: Invalid resource: QualWeb returned an empty report.\n    at Object.evaluate (/home/jesus/faculdade/grupo-pesquisa/Egov/analize_sites_Egov/acessamonitor/accessmonitor-docker/src/util/qualweb.ts:64:13)\n    at async executeUrlEvaluation (/home/jesus/faculdade/grupo-pesquisa/Egov/analize_sites_Egov/ac"
mt,115,,,https://www.guiratinga.mt.leg.br/,https://www.guiratinga.mt.leg.br/,,Página Inicial — Câmara Municipal,7.1,40,637,66,11,/home/jesus/faculdade/grupo-pesquisa/Egov/analize_sites_Egov/webscrap_accessmonitor/saida_mt/2026-09-21/17-04-38/accessmonitor_www.guiratinga.mt.leg.br_115.json,/home/jesus/faculdade/grupo-pesquisa/Egov/analize_sites_Egov/webscrap_accessmonitor/saida_mt/2026-09-21/17-04-38/accessmonitor_www.guiratinga.mt.leg.br_115.pdf,
mt,112,,,https://www.guarantadonorte.mt.gov.br/,https://www.guarantadonorte.mt.gov.br/,,,,,,,,,,Avaliação excedeu 120s.
mt,116,,,https://www.indiavai.mt.gov.br/,https://www.indiavai.mt.gov.br/,,,,,,,,,,"API respondeu HTTP 500: {""statusCode"":500,""error"":""Internal Server Error"",""message"":""Internal server error"",""path"":""/amp/eval/aHR0cHM6Ly93d3cuaW5kaWF2YWkubXQuZ292LmJyLw%3D%3D"",""timestamp"":""2026-09-21T21:22:29.256Z"",""stack"":""Error: Invalid resource: QualWeb returned an empty report.\n    at Object.evaluate (/home/jesus/faculdade/grupo-pesquisa/Egov/analize_sites_Egov/acessamonitor/accessmonitor-docker/src/util/qualweb.ts:64:13)\n    at async executeUrlEvaluation (/home/jesus/faculdade/grupo-pesquisa/Egov/analize_sites_E"
mt,119,,,https://www.ipirangadonorte.mt.leg.br/,https://www.ipirangadonorte.mt.leg.br/,,Câmara Municipal de Ipiranga do Norte/MT — Câmara Municipal de Ipiranga do Norte,6.2,41,326,85,15,/home/jesus/faculdade/grupo-pesquisa/Egov/analize_sites_Egov/webscrap_accessmonitor/saida_mt/2026-09-21/17-04-38/accessmonitor_www.ipirangadonorte.mt.leg.br_119.json,/home/jesus/faculdade/grupo-pesquisa/Egov/analize_sites_Egov/webscrap_accessmonitor/saida_mt/2026-09-21/17-04-38/accessmonitor_www.ipirangadonorte.mt.leg.br_119.pdf,
mt,118,,,https://www.ipirangadonorte.mt.gov.br,https://www.ipirangadonorte.mt.gov.br,,,,,,,,,,"API respondeu HTTP 500: {""statusCode"":500,""error"":""Internal Server Error"",""message"":""Internal server error"",""path"":""/amp/eval/aHR0cHM6Ly93d3cuaXBpcmFuZ2Fkb25vcnRlLm10Lmdvdi5icg%3D%3D"",""timestamp"":""2026-09-21T21:22:40.865Z"",""stack"":""Error: Invalid resource: QualWeb returned an empty report.\n    at Object.evaluate (/home/jesus/faculdade/grupo-pesquisa/Egov/analize_sites_Egov/acessamonitor/accessmonitor-docker/src/util/qualweb.ts:64:13)\n    at async executeUrlEvaluation (/home/jesus/faculdade/grupo-pesquisa/Egov/analize"
mt,121,,,https://www.camaraitanhanga.mt.gov.br/,https://www.camaraitanhanga.mt.gov.br/,,Página Inicial - Câmara Municipal de Itanhangá - MT,7.9,37,290,63,77,/home/jesus/faculdade/grupo-pesquisa/Egov/analize_sites_Egov/webscrap_accessmonitor/saida_mt/2026-09-21/17-04-38/accessmonitor_www.camaraitanhanga.mt.gov.br_121.json,/home/jesus/faculdade/grupo-pesquisa/Egov/analize_sites_Egov/webscrap_accessmonitor/saida_mt/2026-09-21/17-04-38/accessmonitor_www.camaraitanhanga.mt.gov.br_121.pdf,
mt,122,,,https://www.itauba.mt.gov.br/,https://www.itauba.mt.gov.br/,,Página Inicial - Prefeitura de Itaúba - MT,7.6,39,371,32,68,/home/jesus/faculdade/grupo-pesquisa/Egov/analize_sites_Egov/webscrap_accessmonitor/saida_mt/2026-09-21/17-04-38/accessmonitor_www.itauba.mt.gov.br_122.json,/home/jesus/faculdade/grupo-pesquisa/Egov/analize_sites_Egov/webscrap_accessmonitor/saida_mt/2026-09-21/17-04-38/accessmonitor_www.itauba.mt.gov.br_122.pdf,
mt,123,,,https://www.camaraitauba.mt.gov.br/,https://www.camaraitauba.mt.gov.br/,,Página Inicial - Câmara Municipal de Itaúba - MT,8.1,37,361,66,40,/home/jesus/faculdade/grupo-pesquisa/Egov/analize_sites_Egov/webscrap_accessmonitor/saida_mt/2026-09-21/17-04-38/accessmonitor_www.camaraitauba.mt.gov.br_123.json,/home/jesus/faculdade/grupo-pesquisa/Egov/analize_sites_Egov/webscrap_accessmonitor/saida_mt/2026-09-21/17-04-38/accessmonitor_www.camaraitauba.mt.gov.br_123.pdf,
mt,124,,,https://www.itiquira.mt.gov.br/,https://www.itiquira.mt.gov.br/,,Prefeitura de Itiquira - MT,6.3,37,266,44,17,/home/jesus/faculdade/grupo-pesquisa/Egov/analize_sites_Egov/webscrap_accessmonitor/saida_mt/2026-09-21/17-04-38/accessmonitor_www.itiquira.mt.gov.br_124.json,/home/jesus/faculdade/grupo-pesquisa/Egov/analize_sites_Egov/webscrap_accessmonitor/saida_mt/2026-09-21/17-04-38/accessmonitor_www.itiquira.mt.gov.br_124.pdf,
mt,117,,,https://indiavai.mt.leg.br/,https://indiavai.mt.leg.br/,,,,,,,,,,Avaliação excedeu 120s.
mt,125,,,https://www.itiquira.mt.leg.br/,https://www.itiquira.mt.leg.br/,,Câmara Municipal de Itiquira | Poder Legislativo,6.1,38,228,136,17,/home/jesus/faculdade/grupo-pesquisa/Egov/analize_sites_Egov/webscrap_accessmonitor/saida_mt/2026-09-21/17-04-38/accessmonitor_www.itiquira.mt.leg.br_125.json,/home/jesus/faculdade/grupo-pesquisa/Egov/analize_sites_Egov/webscrap_accessmonitor/saida_mt/2026-09-21/17-04-38/accessmonitor_www.itiquira.mt.leg.br_125.pdf,
mt,126,,,https://www.jaciara.mt.gov.br/,https://www.jaciara.mt.gov.br/,,,,,,,,,,"API respondeu HTTP 500: {""statusCode"":500,""error"":""Internal Server Error"",""message"":""Internal server error"",""path"":""/amp/eval/aHR0cHM6Ly93d3cuamFjaWFyYS5tdC5nb3YuYnIv"",""timestamp"":""2026-09-21T21:24:31.081Z"",""stack"":""Error: Invalid resource: QualWeb returned an empty report.\n    at Object.evaluate (/home/jesus/faculdade/grupo-pesquisa/Egov/analize_sites_Egov/acessamonitor/accessmonitor-docker/src/util/qualweb.ts:64:13)\n    at async executeUrlEvaluation (/home/jesus/faculdade/grupo-pesquisa/Egov/analize_sites_Egov/aces"
mt,127,,,https://www.camarajaciara.mt.gov.br/,https://www.camarajaciara.mt.gov.br/,,,,,,,,,,"API respondeu HTTP 500: {""statusCode"":500,""error"":""Internal Server Error"",""message"":""Internal server error"",""path"":""/amp/eval/aHR0cHM6Ly93d3cuY2FtYXJhamFjaWFyYS5tdC5nb3YuYnIv"",""timestamp"":""2026-09-21T21:24:34.028Z"",""stack"":""Error: Invalid resource: QualWeb returned an empty report.\n    at Object.evaluate (/home/jesus/faculdade/grupo-pesquisa/Egov/analize_sites_Egov/acessamonitor/accessmonitor-docker/src/util/qualweb.ts:64:13)\n    at async executeUrlEvaluation (/home/jesus/faculdade/grupo-pesquisa/Egov/analize_sites_E"
mt,120,,,https://www.itanhanga.mt.gov.br/#/home,https://www.itanhanga.mt.gov.br/#/home,,,,,,,,,,Avaliação excedeu 120s.
mt,128,,,https://jangada.mt.gov.br/,https://jangada.mt.gov.br/,,Página Inicial - Prefeitura de Jangada - MT,8.6,38,558,36,67,/home/jesus/faculdade/grupo-pesquisa/Egov/analize_sites_Egov/webscrap_accessmonitor/saida_mt/2026-09-21/17-04-38/accessmonitor_jangada.mt.gov.br_128.json,/home/jesus/faculdade/grupo-pesquisa/Egov/analize_sites_Egov/webscrap_accessmonitor/saida_mt/2026-09-21/17-04-38/accessmonitor_jangada.mt.gov.br_128.pdf,
mt,129,,,https://jangada.mt.leg.br/,https://jangada.mt.leg.br/,,,,,,,,,,"API respondeu HTTP 500: {""statusCode"":500,""error"":""Internal Server Error"",""message"":""Internal server error"",""path"":""/amp/eval/aHR0cHM6Ly9qYW5nYWRhLm10LmxlZy5ici8%3D"",""timestamp"":""2026-09-21T21:24:51.763Z"",""stack"":""Error: Invalid resource: QualWeb returned an empty report.\n    at Object.evaluate (/home/jesus/faculdade/grupo-pesquisa/Egov/analize_sites_Egov/acessamonitor/accessmonitor-docker/src/util/qualweb.ts:64:13)\n    at async executeUrlEvaluation (/home/jesus/faculdade/grupo-pesquisa/Egov/analize_sites_Egov/acessa"
mt,132,,,https://cindvale.com.br,https://cindvale.com.br,,Access denied | cindvale.com.br used Cloudflare to restrict access | cindvale.com.br | Cloudflare,8.7,16,30,27,3,/home/jesus/faculdade/grupo-pesquisa/Egov/analize_sites_Egov/webscrap_accessmonitor/saida_mt/2026-09-21/17-04-38/accessmonitor_cindvale.com.br_132.json,/home/jesus/faculdade/grupo-pesquisa/Egov/analize_sites_Egov/webscrap_accessmonitor/saida_mt/2026-09-21/17-04-38/accessmonitor_cindvale.com.br_132.pdf,
mt,130,,,https://www.jauru.mt.gov.br/,https://www.jauru.mt.gov.br/,,:: Prefeitura Municipal de Jauru - www.Jauru.mt.gov.br,5.7,35,396,87,41,/home/jesus/faculdade/grupo-pesquisa/Egov/analize_sites_Egov/webscrap_accessmonitor/saida_mt/2026-09-21/17-04-38/accessmonitor_www.jauru.mt.gov.br_130.json,/home/jesus/faculdade/grupo-pesquisa/Egov/analize_sites_Egov/webscrap_accessmonitor/saida_mt/2026-09-21/17-04-38/accessmonitor_www.jauru.mt.gov.br_130.pdf,
mt,131,,,https://www.camarajauru.mt.gov.br/,https://www.camarajauru.mt.gov.br/,,,,,,,,,,"API respondeu HTTP 500: {""statusCode"":500,""error"":""Internal Server Error"",""message"":""Internal server error"",""path"":""/amp/eval/aHR0cHM6Ly93d3cuY2FtYXJhamF1cnUubXQuZ292LmJyLw%3D%3D"",""timestamp"":""2026-09-21T21:25:06.571Z"",""stack"":""Error: Invalid resource: QualWeb returned an empty report.\n    at Object.evaluate (/home/jesus/faculdade/grupo-pesquisa/Egov/analize_sites_Egov/acessamonitor/accessmonitor-docker/src/util/qualweb.ts:64:13)\n    at async executeUrlEvaluation (/home/jesus/faculdade/grupo-pesquisa/Egov/analize_sit"
mt,135,,,https://www.juara.mt.leg.br/,https://www.juara.mt.leg.br/,,Poder Legislativo — PODER LEGISLATIVO,6.6,37,214,109,8,/home/jesus/faculdade/grupo-pesquisa/Egov/analize_sites_Egov/webscrap_accessmonitor/saida_mt/2026-09-21/17-04-38/accessmonitor_www.juara.mt.leg.br_135.json,/home/jesus/faculdade/grupo-pesquisa/Egov/analize_sites_Egov/webscrap_accessmonitor/saida_mt/2026-09-21/17-04-38/accessmonitor_www.juara.mt.leg.br_135.pdf,
mt,136,,,https://www.juruena.mt.gov.br/,https://www.juruena.mt.gov.br/,,Access denied | www.juruena.mt.gov.br used Cloudflare to restrict access | www.juruena.mt.gov.br | Cloudflare,8.7,17,30,28,3,/home/jesus/faculdade/grupo-pesquisa/Egov/analize_sites_Egov/webscrap_accessmonitor/saida_mt/2026-09-21/17-04-38/accessmonitor_www.juruena.mt.gov.br_136.json,/home/jesus/faculdade/grupo-pesquisa/Egov/analize_sites_Egov/webscrap_accessmonitor/saida_mt/2026-09-21/17-04-38/accessmonitor_www.juruena.mt.gov.br_136.pdf,
mt,133,,,https://www.cisva.com.br/#/home,https://www.cisva.com.br/#/home,,,,,,,,,,"API respondeu HTTP 500: {""statusCode"":500,""error"":""Internal Server Error"",""message"":""Internal server error"",""path"":""/amp/eval/aHR0cHM6Ly93d3cuY2lzdmEuY29tLmJyLyMvaG9tZQ%3D%3D"",""timestamp"":""2026-09-21T21:25:32.715Z"",""stack"":""Error: Invalid resource: QualWeb returned an empty report.\n    at Object.evaluate (/home/jesus/faculdade/grupo-pesquisa/Egov/analize_sites_Egov/acessamonitor/accessmonitor-docker/src/util/qualweb.ts:64:13)\n    at async executeUrlEvaluation (/home/jesus/faculdade/grupo-pesquisa/Egov/analize_sites_E"
mt,134,,,https://juara.mt.gov.br/#/home,https://juara.mt.gov.br/#/home,,,,,,,,,,"API respondeu HTTP 500: {""statusCode"":500,""error"":""Internal Server Error"",""message"":""Internal server error"",""path"":""/amp/eval/aHR0cHM6Ly9qdWFyYS5tdC5nb3YuYnIvIy9ob21l"",""timestamp"":""2026-09-21T21:25:35.447Z"",""stack"":""Error: Invalid resource: QualWeb returned an empty report.\n    at Object.evaluate (/home/jesus/faculdade/grupo-pesquisa/Egov/analize_sites_Egov/acessamonitor/accessmonitor-docker/src/util/qualweb.ts:64:13)\n    at async executeUrlEvaluation (/home/jesus/faculdade/grupo-pesquisa/Egov/analize_sites_Egov/aces"
mt,137,,,https://www.juruena.mt.leg.br/,https://www.juruena.mt.leg.br/,,,,,,,,,,"API respondeu HTTP 500: {""statusCode"":500,""error"":""Internal Server Error"",""message"":""Internal server error"",""path"":""/amp/eval/aHR0cHM6Ly93d3cuanVydWVuYS5tdC5sZWcuYnIv"",""timestamp"":""2026-09-21T21:25:52.615Z"",""stack"":""Error: Invalid resource: QualWeb returned an empty report.\n    at Object.evaluate (/home/jesus/faculdade/grupo-pesquisa/Egov/analize_sites_Egov/acessamonitor/accessmonitor-docker/src/util/qualweb.ts:64:13)\n    at async executeUrlEvaluation (/home/jesus/faculdade/grupo-pesquisa/Egov/analize_sites_Egov/aces"
mt,139,,,https://www.juscimeira.mt.gov.br/,https://www.juscimeira.mt.gov.br/,,,,,,,,,,"API respondeu HTTP 500: {""statusCode"":500,""error"":""Internal Server Error"",""message"":""Internal server error"",""path"":""/amp/eval/aHR0cHM6Ly93d3cuanVzY2ltZWlyYS5tdC5nb3YuYnIv"",""timestamp"":""2026-09-21T21:26:06.524Z"",""stack"":""Error: Invalid resource: QualWeb returned an empty report.\n    at Object.evaluate (/home/jesus/faculdade/grupo-pesquisa/Egov/analize_sites_Egov/acessamonitor/accessmonitor-docker/src/util/qualweb.ts:64:13)\n    at async executeUrlEvaluation (/home/jesus/faculdade/grupo-pesquisa/Egov/analize_sites_Egov/"
mt,141,,,https://www.cidesavaledojuruena.com.br/,https://www.cidesavaledojuruena.com.br/,,Consórcio intermunicipal Cidesa,7.3,35,146,66,29,/home/jesus/faculdade/grupo-pesquisa/Egov/analize_sites_Egov/webscrap_accessmonitor/saida_mt/2026-09-21/17-04-38/accessmonitor_www.cidesavaledojuruena.com.br_141.json,/home/jesus/faculdade/grupo-pesquisa/Egov/analize_sites_Egov/webscrap_accessmonitor/saida_mt/2026-09-21/17-04-38/accessmonitor_www.cidesavaledojuruena.com.br_141.pdf,
mt,142,,,https://www.consorciocisvj.com.br/home,https://www.consorciocisvj.com.br/home,,CISVJ,7.4,28,128,44,39,/home/jesus/faculdade/grupo-pesquisa/Egov/analize_sites_Egov/webscrap_accessmonitor/saida_mt/2026-09-21/17-04-38/accessmonitor_www.consorciocisvj.com.br_142.json,/home/jesus/faculdade/grupo-pesquisa/Egov/analize_sites_Egov/webscrap_accessmonitor/saida_mt/2026-09-21/17-04-38/accessmonitor_www.consorciocisvj.com.br_142.pdf,
mt,143,,,https://www.juina.mt.gov.br/,https://www.juina.mt.gov.br/,,Prefeitura de Juína,6.2,33,210,141,24,/home/jesus/faculdade/grupo-pesquisa/Egov/analize_sites_Egov/webscrap_accessmonitor/saida_mt/2026-09-21/17-04-38/accessmonitor_www.juina.mt.gov.br_143.json,/home/jesus/faculdade/grupo-pesquisa/Egov/analize_sites_Egov/webscrap_accessmonitor/saida_mt/2026-09-21/17-04-38/accessmonitor_www.juina.mt.gov.br_143.pdf,
mt,144,,,https://www.juina.mt.leg.br/,https://www.juina.mt.leg.br/,,página inicial — Município de Juína,6.7,42,270,64,10,/home/jesus/faculdade/grupo-pesquisa/Egov/analize_sites_Egov/webscrap_accessmonitor/saida_mt/2026-09-21/17-04-38/accessmonitor_www.juina.mt.leg.br_144.json,/home/jesus/faculdade/grupo-pesquisa/Egov/analize_sites_Egov/webscrap_accessmonitor/saida_mt/2026-09-21/17-04-38/accessmonitor_www.juina.mt.leg.br_144.pdf,
mt,145,,,https://lambaridoeste.mt.gov.br,https://lambaridoeste.mt.gov.br,,Access denied | lambaridoeste.mt.gov.br used Cloudflare to restrict access | lambaridoeste.mt.gov.br | Cloudflare,8.7,17,30,28,3,/home/jesus/faculdade/grupo-pesquisa/Egov/analize_sites_Egov/webscrap_accessmonitor/saida_mt/2026-09-21/17-04-38/accessmonitor_lambaridoeste.mt.gov.br_145.json,/home/jesus/faculdade/grupo-pesquisa/Egov/analize_sites_Egov/webscrap_accessmonitor/saida_mt/2026-09-21/17-04-38/accessmonitor_lambaridoeste.mt.gov.br_145.pdf,
mt,146,,,https://lambaridoeste.mt.leg.br/,https://lambaridoeste.mt.leg.br/,,Access denied | lambaridoeste.mt.leg.br used Cloudflare to restrict access | lambaridoeste.mt.leg.br | Cloudflare,8.7,17,30,28,3,/home/jesus/faculdade/grupo-pesquisa/Egov/analize_sites_Egov/webscrap_accessmonitor/saida_mt/2026-09-21/17-04-38/accessmonitor_lambaridoeste.mt.leg.br_146.json,/home/jesus/faculdade/grupo-pesquisa/Egov/analize_sites_Egov/webscrap_accessmonitor/saida_mt/2026-09-21/17-04-38/accessmonitor_lambaridoeste.mt.leg.br_146.pdf,
mt,147,,,https://www.lucasdorioverde.mt.gov.br/site/,https://www.lucasdorioverde.mt.gov.br/site/,,,,,,,,,,"API respondeu HTTP 500: {""statusCode"":500,""error"":""Internal Server Error"",""message"":""Internal server error"",""path"":""/amp/eval/aHR0cHM6Ly93d3cubHVjYXNkb3Jpb3ZlcmRlLm10Lmdvdi5ici9zaXRlLw%3D%3D"",""timestamp"":""2026-09-21T21:27:26.816Z"",""stack"":""Error: Invalid resource: QualWeb returned an empty report.\n    at Object.evaluate (/home/jesus/faculdade/grupo-pesquisa/Egov/analize_sites_Egov/acessamonitor/accessmonitor-docker/src/util/qualweb.ts:64:13)\n    at async executeUrlEvaluation (/home/jesus/faculdade/grupo-pesquisa/Egov"
mt,138,,,https://www.cidesasul.com.br/,https://www.cidesasul.com.br/,,,,,,,,,,Avaliação excedeu 120s.
mt,148,,,https://www.camaralucasdorioverde.mt.gov.br/,https://www.camaralucasdorioverde.mt.gov.br/,,Página Inicial - Câmara Municipal de Lucas do Rio Verde - MT,7.8,39,402,51,27,/home/jesus/faculdade/grupo-pesquisa/Egov/analize_sites_Egov/webscrap_accessmonitor/saida_mt/2026-09-21/17-04-38/accessmonitor_www.camaralucasdorioverde.mt.gov.br_148.json,/home/jesus/faculdade/grupo-pesquisa/Egov/analize_sites_Egov/webscrap_accessmonitor/saida_mt/2026-09-21/17-04-38/accessmonitor_www.camaralucasdorioverde.mt.gov.br_148.pdf,
mt,149,,,https://www.luciara.mt.gov.br/,https://www.luciara.mt.gov.br/,,,,,,,,,,"API respondeu HTTP 500: {""statusCode"":500,""error"":""Internal Server Error"",""message"":""Internal server error"",""path"":""/amp/eval/aHR0cHM6Ly93d3cubHVjaWFyYS5tdC5nb3YuYnIv"",""timestamp"":""2026-09-21T21:27:46.069Z"",""stack"":""Error: Invalid resource: QualWeb returned an empty report.\n    at Object.evaluate (/home/jesus/faculdade/grupo-pesquisa/Egov/analize_sites_Egov/acessamonitor/accessmonitor-docker/src/util/qualweb.ts:64:13)\n    at async executeUrlEvaluation (/home/jesus/faculdade/grupo-pesquisa/Egov/analize_sites_Egov/aces"
mt,140,,,https://www.camarajuscimeira.mt.gov.br/,https://www.camarajuscimeira.mt.gov.br/,,,,,,,,,,Avaliação excedeu 120s.
mt,151,,,https://www.marcelandia.mt.gov.br/,https://www.marcelandia.mt.gov.br/,,Página Inicial - Prefeitura Municipal de Marcelândia,5.5,37,444,126,53,/home/jesus/faculdade/grupo-pesquisa/Egov/analize_sites_Egov/webscrap_accessmonitor/saida_mt/2026-09-21/17-04-38/accessmonitor_www.marcelandia.mt.gov.br_151.json,/home/jesus/faculdade/grupo-pesquisa/Egov/analize_sites_Egov/webscrap_accessmonitor/saida_mt/2026-09-21/17-04-38/accessmonitor_www.marcelandia.mt.gov.br_151.pdf,
mt,150,,,https://www.luciara.mt.leg.br/,https://www.luciara.mt.leg.br/,,,,,,,,,,"API respondeu HTTP 500: {""statusCode"":500,""error"":""Internal Server Error"",""message"":""Internal server error"",""path"":""/amp/eval/aHR0cHM6Ly93d3cubHVjaWFyYS5tdC5sZWcuYnIv"",""timestamp"":""2026-09-21T21:28:01.401Z"",""stack"":""Error: Invalid resource: QualWeb returned an empty report.\n    at Object.evaluate (/home/jesus/faculdade/grupo-pesquisa/Egov/analize_sites_Egov/acessamonitor/accessmonitor-docker/src/util/qualweb.ts:64:13)\n    at async executeUrlEvaluation (/home/jesus/faculdade/grupo-pesquisa/Egov/analize_sites_Egov/aces"
mt,152,,,https://www.camaramarcelandia.mt.gov.br/,https://www.camaramarcelandia.mt.gov.br/,,Página Inicial - Câmara Municipal de Marcelândia - MT,7.7,37,430,57,107,/home/jesus/faculdade/grupo-pesquisa/Egov/analize_sites_Egov/webscrap_accessmonitor/saida_mt/2026-09-21/17-04-38/accessmonitor_www.camaramarcelandia.mt.gov.br_152.json,/home/jesus/faculdade/grupo-pesquisa/Egov/analize_sites_Egov/webscrap_accessmonitor/saida_mt/2026-09-21/17-04-38/accessmonitor_www.camaramarcelandia.mt.gov.br_152.pdf,
mt,153,,,https://www.matupa.mt.gov.br/,https://www.matupa.mt.gov.br/,,Página Principal Prefeitura Municipal de Matupá - MT,6.4,35,267,81,24,/home/jesus/faculdade/grupo-pesquisa/Egov/analize_sites_Egov/webscrap_accessmonitor/saida_mt/2026-09-21/17-04-38/accessmonitor_www.matupa.mt.gov.br_153.json,/home/jesus/faculdade/grupo-pesquisa/Egov/analize_sites_Egov/webscrap_accessmonitor/saida_mt/2026-09-21/17-04-38/accessmonitor_www.matupa.mt.gov.br_153.pdf,
mt,156,,,https://amaramirassoldoeste.mt.gov.br,https://amaramirassoldoeste.mt.gov.br,,,,,,,,,,"API respondeu HTTP 400: {""statusCode"":400,""error"":""Bad Request"",""message"":""The URL provided is invalid."",""path"":""/amp/eval/aHR0cHM6Ly9hbWFyYW1pcmFzc29sZG9lc3RlLm10Lmdvdi5icg%3D%3D"",""timestamp"":""2026-09-21T21:28:12.408Z"",""stack"":""InvalidUrlException: The URL provided is invalid.\n    at validateUrlRestriction (/home/jesus/faculdade/grupo-pesquisa/Egov/analize_sites_Egov/acessamonitor/accessmonitor-docker/src/common/util.ts:21:11)\n    at async AmpService.evaluateUrl (/home/jesus/faculdade/grupo-pesquisa/Egov/analize_sit"
mt,155,,,https://www.mirassoldoeste.mt.gov.br/,https://www.mirassoldoeste.mt.gov.br/,,Access denied | www.mirassoldoeste.mt.gov.br used Cloudflare to restrict access | www.mirassoldoeste.mt.gov.br | Cloudflare,8.7,17,30,28,3,/home/jesus/faculdade/grupo-pesquisa/Egov/analize_sites_Egov/webscrap_accessmonitor/saida_mt/2026-09-21/17-04-38/accessmonitor_www.mirassoldoeste.mt.gov.br_155.json,/home/jesus/faculdade/grupo-pesquisa/Egov/analize_sites_Egov/webscrap_accessmonitor/saida_mt/2026-09-21/17-04-38/accessmonitor_www.mirassoldoeste.mt.gov.br_155.pdf,
mt,157,,,https://www.nobres.mt.gov.br/,https://www.nobres.mt.gov.br/,,Página Inicial - Prefeitura Municipal de Nobres,7.0,42,319,246,55,/home/jesus/faculdade/grupo-pesquisa/Egov/analize_sites_Egov/webscrap_accessmonitor/saida_mt/2026-09-21/17-04-38/accessmonitor_www.nobres.mt.gov.br_157.json,/home/jesus/faculdade/grupo-pesquisa/Egov/analize_sites_Egov/webscrap_accessmonitor/saida_mt/2026-09-21/17-04-38/accessmonitor_www.nobres.mt.gov.br_157.pdf,
mt,158,,,https://www.nobres.mt.leg.br/,https://www.nobres.mt.leg.br/,,Página Inicial - Câmara Municipal de Nobres - MT,8.5,40,779,60,141,/home/jesus/faculdade/grupo-pesquisa/Egov/analize_sites_Egov/webscrap_accessmonitor/saida_mt/2026-09-21/17-04-38/accessmonitor_www.nobres.mt.leg.br_158.json,/home/jesus/faculdade/grupo-pesquisa/Egov/analize_sites_Egov/webscrap_accessmonitor/saida_mt/2026-09-21/17-04-38/accessmonitor_www.nobres.mt.leg.br_158.pdf,
mt,154,,,https://matupa.mt.leg.br/,https://matupa.mt.leg.br/,,,,,,,,,,"API respondeu HTTP 500: {""statusCode"":500,""error"":""Internal Server Error"",""message"":""Internal server error"",""path"":""/amp/eval/aHR0cHM6Ly9tYXR1cGEubXQubGVnLmJyLw%3D%3D"",""timestamp"":""2026-09-21T21:28:33.619Z"",""stack"":""Error: Invalid resource: QualWeb returned an empty report.\n    at Object.evaluate (/home/jesus/faculdade/grupo-pesquisa/Egov/analize_sites_Egov/acessamonitor/accessmonitor-docker/src/util/qualweb.ts:64:13)\n    at async executeUrlEvaluation (/home/jesus/faculdade/grupo-pesquisa/Egov/analize_sites_Egov/aces"
mt,160,,,https://nortelandia.mt.leg.br/,https://nortelandia.mt.leg.br/,,,,,,,,,,"API respondeu HTTP 500: {""statusCode"":500,""error"":""Internal Server Error"",""message"":""Internal server error"",""path"":""/amp/eval/aHR0cHM6Ly9ub3J0ZWxhbmRpYS5tdC5sZWcuYnIv"",""timestamp"":""2026-09-21T21:29:06.235Z"",""stack"":""Error: Invalid resource: QualWeb returned an empty report.\n    at Object.evaluate (/home/jesus/faculdade/grupo-pesquisa/Egov/analize_sites_Egov/acessamonitor/accessmonitor-docker/src/util/qualweb.ts:64:13)\n    at async executeUrlEvaluation (/home/jesus/faculdade/grupo-pesquisa/Egov/analize_sites_Egov/aces"
mt,162,,,https://www.camaranossasenhoradolivramento.mt.gov.br/,https://www.camaranossasenhoradolivramento.mt.gov.br/,,Câmara Municipal de Nossa Senhora do Livramento | Câmara Municipal de Nossa Senhora do Livramento,9.1,38,343,57,38,/home/jesus/faculdade/grupo-pesquisa/Egov/analize_sites_Egov/webscrap_accessmonitor/saida_mt/2026-09-21/17-04-38/accessmonitor_www.camaranossasenhoradolivramento.mt.gov.br_162.json,/home/jesus/faculdade/grupo-pesquisa/Egov/analize_sites_Egov/webscrap_accessmonitor/saida_mt/2026-09-21/17-04-38/accessmonitor_www.camaranossasenhoradolivramento.mt.gov.br_162.pdf,
mt,161,,,https://www.nossasenhoradolivramento.mt.gov.br/,https://www.nossasenhoradolivramento.mt.gov.br/,,Página Inicial - Prefeitura de Nossa Senhora do Livramento - MT,8.6,38,845,46,82,/home/jesus/faculdade/grupo-pesquisa/Egov/analize_sites_Egov/webscrap_accessmonitor/saida_mt/2026-09-21/17-04-38/accessmonitor_www.nossasenhoradolivramento.mt.gov.br_161.json,/home/jesus/faculdade/grupo-pesquisa/Egov/analize_sites_Egov/webscrap_accessmonitor/saida_mt/2026-09-21/17-04-38/accessmonitor_www.nossasenhoradolivramento.mt.gov.br_161.pdf,
mt,159,,,https://www.nortelandia.mt.gov.br/,https://www.nortelandia.mt.gov.br/,,Página Inicial - Prefeitura Municipal de Nortelândia - MT,7.3,45,675,72,136,/home/jesus/faculdade/grupo-pesquisa/Egov/analize_sites_Egov/webscrap_accessmonitor/saida_mt/2026-09-21/17-04-38/accessmonitor_www.nortelandia.mt.gov.br_159.json,/home/jesus/faculdade/grupo-pesquisa/Egov/analize_sites_Egov/webscrap_accessmonitor/saida_mt/2026-09-21/17-04-38/accessmonitor_www.nortelandia.mt.gov.br_159.pdf,
mt,163,,,https://www.novabandeirantes.mt.gov.br/,https://www.novabandeirantes.mt.gov.br/,,Página Inicial - Prefeitura de Nova Bandeirantes - MT,7.8,36,560,49,48,/home/jesus/faculdade/grupo-pesquisa/Egov/analize_sites_Egov/webscrap_accessmonitor/saida_mt/2026-09-21/17-04-38/accessmonitor_www.novabandeirantes.mt.gov.br_163.json,/home/jesus/faculdade/grupo-pesquisa/Egov/analize_sites_Egov/webscrap_accessmonitor/saida_mt/2026-09-21/17-04-38/accessmonitor_www.novabandeirantes.mt.gov.br_163.pdf,
mt,164,,,https://www.camaranovabandeirantes.mt.gov.br/,https://www.camaranovabandeirantes.mt.gov.br/,,,,,,,,,,"API respondeu HTTP 500: {""statusCode"":500,""error"":""Internal Server Error"",""message"":""Internal server error"",""path"":""/amp/eval/aHR0cHM6Ly93d3cuY2FtYXJhbm92YWJhbmRlaXJhbnRlcy5tdC5nb3YuYnIv"",""timestamp"":""2026-09-21T21:29:40.283Z"",""stack"":""Error: Invalid resource: QualWeb returned an empty report.\n    at Object.evaluate (/home/jesus/faculdade/grupo-pesquisa/Egov/analize_sites_Egov/acessamonitor/accessmonitor-docker/src/util/qualweb.ts:64:13)\n    at async executeUrlEvaluation (/home/jesus/faculdade/grupo-pesquisa/Egov/ana"
mt,165,,,https://www.novabrasilandia.mt.gov.br/,https://www.novabrasilandia.mt.gov.br/,,Página Inicial - Prefeitura Municipal de Nova Brasilândia - MT,6.9,36,233,57,63,/home/jesus/faculdade/grupo-pesquisa/Egov/analize_sites_Egov/webscrap_accessmonitor/saida_mt/2026-09-21/17-04-38/accessmonitor_www.novabrasilandia.mt.gov.br_165.json,/home/jesus/faculdade/grupo-pesquisa/Egov/analize_sites_Egov/webscrap_accessmonitor/saida_mt/2026-09-21/17-04-38/accessmonitor_www.novabrasilandia.mt.gov.br_165.pdf,
mt,166,,,https://www.novabrasilandia.mt.leg.br/,https://www.novabrasilandia.mt.leg.br/,,,,,,,,,,"API respondeu HTTP 500: {""statusCode"":500,""error"":""Internal Server Error"",""message"":""Internal server error"",""path"":""/amp/eval/aHR0cHM6Ly93d3cubm92YWJyYXNpbGFuZGlhLm10LmxlZy5ici8%3D"",""timestamp"":""2026-09-21T21:29:49.857Z"",""stack"":""Error: Invalid resource: QualWeb returned an empty report.\n    at Object.evaluate (/home/jesus/faculdade/grupo-pesquisa/Egov/analize_sites_Egov/acessamonitor/accessmonitor-docker/src/util/qualweb.ts:64:13)\n    at async executeUrlEvaluation (/home/jesus/faculdade/grupo-pesquisa/Egov/analize_s"
mt,167,,,https://www.novacanaadonorte.mt.gov.br/home,https://www.novacanaadonorte.mt.gov.br/home,,,,,,,,,,"API respondeu HTTP 500: {""statusCode"":500,""error"":""Internal Server Error"",""message"":""Internal server error"",""path"":""/amp/eval/aHR0cHM6Ly93d3cubm92YWNhbmFhZG9ub3J0ZS5tdC5nb3YuYnIvaG9tZQ%3D%3D"",""timestamp"":""2026-09-21T21:30:11.375Z"",""stack"":""Error: Invalid resource: QualWeb returned an empty report.\n    at Object.evaluate (/home/jesus/faculdade/grupo-pesquisa/Egov/analize_sites_Egov/acessamonitor/accessmonitor-docker/src/util/qualweb.ts:64:13)\n    at async executeUrlEvaluation (/home/jesus/faculdade/grupo-pesquisa/Egov"
mt,170,,,https://www.novaguarita.mt.leg.br/,https://www.novaguarita.mt.leg.br/,,Câmara Municipal de Nova Guarita — CÂMARA MUNICIPAL DE NOVA GUARITA - MT,6.9,41,326,176,18,/home/jesus/faculdade/grupo-pesquisa/Egov/analize_sites_Egov/webscrap_accessmonitor/saida_mt/2026-09-21/17-04-38/accessmonitor_www.novaguarita.mt.leg.br_170.json,/home/jesus/faculdade/grupo-pesquisa/Egov/analize_sites_Egov/webscrap_accessmonitor/saida_mt/2026-09-21/17-04-38/accessmonitor_www.novaguarita.mt.leg.br_170.pdf,
mt,169,,,https://www.novaguarita.mt.gov.br/,https://www.novaguarita.mt.gov.br/,,Página Inicial - Prefeitura de Nova Guarita - MT,7.4,37,395,47,50,/home/jesus/faculdade/grupo-pesquisa/Egov/analize_sites_Egov/webscrap_accessmonitor/saida_mt/2026-09-21/17-04-38/accessmonitor_www.novaguarita.mt.gov.br_169.json,/home/jesus/faculdade/grupo-pesquisa/Egov/analize_sites_Egov/webscrap_accessmonitor/saida_mt/2026-09-21/17-04-38/accessmonitor_www.novaguarita.mt.gov.br_169.pdf,
mt,171,,,https://cidesa.com.br/,https://cidesa.com.br/,,,,,,,,,,"API respondeu HTTP 500: {""statusCode"":500,""error"":""Internal Server Error"",""message"":""Internal server error"",""path"":""/amp/eval/aHR0cHM6Ly9jaWRlc2EuY29tLmJyLw%3D%3D"",""timestamp"":""2026-09-21T21:30:36.053Z"",""stack"":""Error: Invalid resource: QualWeb returned an empty report.\n    at Object.evaluate (/home/jesus/faculdade/grupo-pesquisa/Egov/analize_sites_Egov/acessamonitor/accessmonitor-docker/src/util/qualweb.ts:64:13)\n    at async executeUrlEvaluation (/home/jesus/faculdade/grupo-pesquisa/Egov/analize_sites_Egov/acessamo"
mt,172,,,https://www.novalacerda.mt.gov.br/Home/,https://www.novalacerda.mt.gov.br/Home/,,Página Inicial - Prefeitura Municipal de Nova Lacerda - MT,8.1,38,327,25,30,/home/jesus/faculdade/grupo-pesquisa/Egov/analize_sites_Egov/webscrap_accessmonitor/saida_mt/2026-09-21/17-04-38/accessmonitor_www.novalacerda.mt.gov.br_172.json,/home/jesus/faculdade/grupo-pesquisa/Egov/analize_sites_Egov/webscrap_accessmonitor/saida_mt/2026-09-21/17-04-38/accessmonitor_www.novalacerda.mt.gov.br_172.pdf,
mt,173,,,https://www.novalacerda.mt.leg.br/,https://www.novalacerda.mt.leg.br/,,,,,,,,,,"API respondeu HTTP 500: {""statusCode"":500,""error"":""Internal Server Error"",""message"":""Internal server error"",""path"":""/amp/eval/aHR0cHM6Ly93d3cubm92YWxhY2VyZGEubXQubGVnLmJyLw%3D%3D"",""timestamp"":""2026-09-21T21:30:53.174Z"",""stack"":""Error: Invalid resource: QualWeb returned an empty report.\n    at Object.evaluate (/home/jesus/faculdade/grupo-pesquisa/Egov/analize_sites_Egov/acessamonitor/accessmonitor-docker/src/util/qualweb.ts:64:13)\n    at async executeUrlEvaluation (/home/jesus/faculdade/grupo-pesquisa/Egov/analize_sit"
mt,175,,,https://novamarilandia.mt.leg.br/,https://novamarilandia.mt.leg.br/,,,,,,,,,,"API respondeu HTTP 500: {""statusCode"":500,""error"":""Internal Server Error"",""message"":""Internal server error"",""path"":""/amp/eval/aHR0cHM6Ly9ub3ZhbWFyaWxhbmRpYS5tdC5sZWcuYnIv"",""timestamp"":""2026-09-21T21:31:24.217Z"",""stack"":""Error: Invalid resource: QualWeb returned an empty report.\n    at Object.evaluate (/home/jesus/faculdade/grupo-pesquisa/Egov/analize_sites_Egov/acessamonitor/accessmonitor-docker/src/util/qualweb.ts:64:13)\n    at async executeUrlEvaluation (/home/jesus/faculdade/grupo-pesquisa/Egov/analize_sites_Egov/"
mt,174,,,https://www.novamarilandia.mt.gov.br/,https://www.novamarilandia.mt.gov.br/,,Página Inicial - Prefeitura de Nova Marilândia - MT,7.6,42,536,99,20,/home/jesus/faculdade/grupo-pesquisa/Egov/analize_sites_Egov/webscrap_accessmonitor/saida_mt/2026-09-21/17-04-38/accessmonitor_www.novamarilandia.mt.gov.br_174.json,/home/jesus/faculdade/grupo-pesquisa/Egov/analize_sites_Egov/webscrap_accessmonitor/saida_mt/2026-09-21/17-04-38/accessmonitor_www.novamarilandia.mt.gov.br_174.pdf,
mt,176,,,https://www.novamaringa.mt.gov.br/,https://www.novamaringa.mt.gov.br/,,Página Inicial - Prefeitura de Nova Maringá - MT,7.7,38,610,27,56,/home/jesus/faculdade/grupo-pesquisa/Egov/analize_sites_Egov/webscrap_accessmonitor/saida_mt/2026-09-21/17-04-38/accessmonitor_www.novamaringa.mt.gov.br_176.json,/home/jesus/faculdade/grupo-pesquisa/Egov/analize_sites_Egov/webscrap_accessmonitor/saida_mt/2026-09-21/17-04-38/accessmonitor_www.novamaringa.mt.gov.br_176.pdf,
mt,168,,,https://www.camaranovacanaa.mt.gov.br/,https://www.camaranovacanaa.mt.gov.br/,,,,,,,,,,Avaliação excedeu 120s.
mt,177,,,https://www.novamaringa.mt.leg.br/,https://www.novamaringa.mt.leg.br/,,Câmara Municipal de Nova Maringá,7.1,39,299,142,12,/home/jesus/faculdade/grupo-pesquisa/Egov/analize_sites_Egov/webscrap_accessmonitor/saida_mt/2026-09-21/17-04-38/accessmonitor_www.novamaringa.mt.leg.br_177.json,/home/jesus/faculdade/grupo-pesquisa/Egov/analize_sites_Egov/webscrap_accessmonitor/saida_mt/2026-09-21/17-04-38/accessmonitor_www.novamaringa.mt.leg.br_177.pdf,
mt,179,,,https://www.novamonteverde.mt.leg.br/,https://www.novamonteverde.mt.leg.br/,,Página Inicial — Câmara Municipal,6.7,41,286,114,8,/home/jesus/faculdade/grupo-pesquisa/Egov/analize_sites_Egov/webscrap_accessmonitor/saida_mt/2026-09-21/17-04-38/accessmonitor_www.novamonteverde.mt.leg.br_179.json,/home/jesus/faculdade/grupo-pesquisa/Egov/analize_sites_Egov/webscrap_accessmonitor/saida_mt/2026-09-21/17-04-38/accessmonitor_www.novamonteverde.mt.leg.br_179.pdf,
mt,178,,,https://www.novamonteverde.mt.gov.br/,https://www.novamonteverde.mt.gov.br/,,Página Inicial - Prefeitura Municipal de Nova Monte Verde,7.3,43,329,103,34,/home/jesus/faculdade/grupo-pesquisa/Egov/analize_sites_Egov/webscrap_accessmonitor/saida_mt/2026-09-21/17-04-38/accessmonitor_www.novamonteverde.mt.gov.br_178.json,/home/jesus/faculdade/grupo-pesquisa/Egov/analize_sites_Egov/webscrap_accessmonitor/saida_mt/2026-09-21/17-04-38/accessmonitor_www.novamonteverde.mt.gov.br_178.pdf,
mt,182,,,https://www.novanazare.mt.gov.br/,https://www.novanazare.mt.gov.br/,,Página Inicial - Prefeitura Municipal de Nova Nazaré,7.7,38,402,43,27,/home/jesus/faculdade/grupo-pesquisa/Egov/analize_sites_Egov/webscrap_accessmonitor/saida_mt/2026-09-21/17-04-38/accessmonitor_www.novanazare.mt.gov.br_182.json,/home/jesus/faculdade/grupo-pesquisa/Egov/analize_sites_Egov/webscrap_accessmonitor/saida_mt/2026-09-21/17-04-38/accessmonitor_www.novanazare.mt.gov.br_182.pdf,
mt,183,,,https://www.novanazare.mt.leg.br/,https://www.novanazare.mt.leg.br/,,Câmara Municipal de Nova Nazaré,6.6,38,281,43,16,/home/jesus/faculdade/grupo-pesquisa/Egov/analize_sites_Egov/webscrap_accessmonitor/saida_mt/2026-09-21/17-04-38/accessmonitor_www.novanazare.mt.leg.br_183.json,/home/jesus/faculdade/grupo-pesquisa/Egov/analize_sites_Egov/webscrap_accessmonitor/saida_mt/2026-09-21/17-04-38/accessmonitor_www.novanazare.mt.leg.br_183.pdf,
mt,184,,,https://www.novaolimpia.mt.gov.br/,https://www.novaolimpia.mt.gov.br/,,Página Inicial - Prefeitura de Nova Olímpia - MT,7.5,42,371,164,39,/home/jesus/faculdade/grupo-pesquisa/Egov/analize_sites_Egov/webscrap_accessmonitor/saida_mt/2026-09-21/17-04-38/accessmonitor_www.novaolimpia.mt.gov.br_184.json,/home/jesus/faculdade/grupo-pesquisa/Egov/analize_sites_Egov/webscrap_accessmonitor/saida_mt/2026-09-21/17-04-38/accessmonitor_www.novaolimpia.mt.gov.br_184.pdf,
mt,185,,,https://camaranovaolimpia.mt.gov.br/,https://camaranovaolimpia.mt.gov.br/,,Câmara Municipal de Nova Olímpia - MT | Gestão 2025-2026,6.8,40,330,141,24,/home/jesus/faculdade/grupo-pesquisa/Egov/analize_sites_Egov/webscrap_accessmonitor/saida_mt/2026-09-21/17-04-38/accessmonitor_camaranovaolimpia.mt.gov.br_185.json,/home/jesus/faculdade/grupo-pesquisa/Egov/analize_sites_Egov/webscrap_accessmonitor/saida_mt/2026-09-21/17-04-38/accessmonitor_camaranovaolimpia.mt.gov.br_185.pdf,
mt,186,,,https://www.novasantahelena.mt.gov.br/,https://www.novasantahelena.mt.gov.br/,,Página Inicial - Prefeitura de Nova Santa Helena Nova Santa Helena - MT,7.9,39,354,32,72,/home/jesus/faculdade/grupo-pesquisa/Egov/analize_sites_Egov/webscrap_accessmonitor/saida_mt/2026-09-21/17-04-38/accessmonitor_www.novasantahelena.mt.gov.br_186.json,/home/jesus/faculdade/grupo-pesquisa/Egov/analize_sites_Egov/webscrap_accessmonitor/saida_mt/2026-09-21/17-04-38/accessmonitor_www.novasantahelena.mt.gov.br_186.pdf,
mt,180,,,https://www.novamutum.mt.gov.br/home,https://www.novamutum.mt.gov.br/home,,,,,,,,,,Avaliação excedeu 120s.
mt,187,,,https://www.novasantahelena.mt.leg.br/,https://www.novasantahelena.mt.leg.br/,,Página Inicial — CÂMARA MUNICIPAL DE NOVA SANTA HELENA - MT,7.2,36,325,64,12,/home/jesus/faculdade/grupo-pesquisa/Egov/analize_sites_Egov/webscrap_accessmonitor/saida_mt/2026-09-21/17-04-38/accessmonitor_www.novasantahelena.mt.leg.br_187.json,/home/jesus/faculdade/grupo-pesquisa/Egov/analize_sites_Egov/webscrap_accessmonitor/saida_mt/2026-09-21/17-04-38/accessmonitor_www.novasantahelena.mt.leg.br_187.pdf,
mt,181,,,https://novamutum.mt.leg.br/#/home,https://novamutum.mt.leg.br/#/home,,,,,,,,,,Avaliação excedeu 120s.
mt,188,,,https://www.novaubirata.mt.gov.br/,https://www.novaubirata.mt.gov.br/,,,,,,,,,,"API respondeu HTTP 500: {""statusCode"":500,""error"":""Internal Server Error"",""message"":""Internal server error"",""path"":""/amp/eval/aHR0cHM6Ly93d3cubm92YXViaXJhdGEubXQuZ292LmJyLw%3D%3D"",""timestamp"":""2026-09-21T21:34:23.026Z"",""stack"":""Error: Invalid resource: QualWeb returned an empty report.\n    at Object.evaluate (/home/jesus/faculdade/grupo-pesquisa/Egov/analize_sites_Egov/acessamonitor/accessmonitor-docker/src/util/qualweb.ts:64:13)\n    at async executeUrlEvaluation (/home/jesus/faculdade/grupo-pesquisa/Egov/analize_sit"
mt,189,,,https://www.novaubirata.mt.leg.br/#/home,https://www.novaubirata.mt.leg.br/#/home,,,,,,,,,,"API respondeu HTTP 500: {""statusCode"":500,""error"":""Internal Server Error"",""message"":""Internal server error"",""path"":""/amp/eval/aHR0cHM6Ly93d3cubm92YXViaXJhdGEubXQubGVnLmJyLyMvaG9tZQ%3D%3D"",""timestamp"":""2026-09-21T21:34:31.137Z"",""stack"":""Error: Invalid resource: QualWeb returned an empty report.\n    at Object.evaluate (/home/jesus/faculdade/grupo-pesquisa/Egov/analize_sites_Egov/acessamonitor/accessmonitor-docker/src/util/qualweb.ts:64:13)\n    at async executeUrlEvaluation (/home/jesus/faculdade/grupo-pesquisa/Egov/ana"
mt,191,,,https://www.novaxavantina.mt.leg.br/,https://www.novaxavantina.mt.leg.br/,,Câmara Municipal de Nova Xavantina,7.1,40,372,18,12,/home/jesus/faculdade/grupo-pesquisa/Egov/analize_sites_Egov/webscrap_accessmonitor/saida_mt/2026-09-21/17-04-38/accessmonitor_www.novaxavantina.mt.leg.br_191.json,/home/jesus/faculdade/grupo-pesquisa/Egov/analize_sites_Egov/webscrap_accessmonitor/saida_mt/2026-09-21/17-04-38/accessmonitor_www.novaxavantina.mt.leg.br_191.pdf,
mt,193,,,https://www.camaranovohorizontedonorte.mt.gov.br/,https://www.camaranovohorizontedonorte.mt.gov.br/,,Câmara Municipal de Novo Horizonte do Norte,6.9,24,31,40,6,/home/jesus/faculdade/grupo-pesquisa/Egov/analize_sites_Egov/webscrap_accessmonitor/saida_mt/2026-09-21/17-04-38/accessmonitor_www.camaranovohorizontedonorte.mt.gov.br_193.json,/home/jesus/faculdade/grupo-pesquisa/Egov/analize_sites_Egov/webscrap_accessmonitor/saida_mt/2026-09-21/17-04-38/accessmonitor_www.camaranovohorizontedonorte.mt.gov.br_193.pdf,
mt,190,,,https://www.novaxavantina.mt.gov.br/,https://www.novaxavantina.mt.gov.br/,,Página Inicial - Prefeitura de Nova Xavantina - MT,7.3,42,644,84,135,/home/jesus/faculdade/grupo-pesquisa/Egov/analize_sites_Egov/webscrap_accessmonitor/saida_mt/2026-09-21/17-04-38/accessmonitor_www.novaxavantina.mt.gov.br_190.json,/home/jesus/faculdade/grupo-pesquisa/Egov/analize_sites_Egov/webscrap_accessmonitor/saida_mt/2026-09-21/17-04-38/accessmonitor_www.novaxavantina.mt.gov.br_190.pdf,
mt,192,,,https://www.novohorizontedonorte.mt.gov.br/transparencia,https://www.novohorizontedonorte.mt.gov.br/transparencia,,,,,,,,,,"API respondeu HTTP 500: {""statusCode"":500,""error"":""Internal Server Error"",""message"":""Internal server error"",""path"":""/amp/eval/aHR0cHM6Ly93d3cubm92b2hvcml6b250ZWRvbm9ydGUubXQuZ292LmJyL3RyYW5zcGFyZW5jaWE%3D"",""timestamp"":""2026-09-21T21:35:02.411Z"",""stack"":""Error: Invalid resource: QualWeb returned an empty report.\n    at Object.evaluate (/home/jesus/faculdade/grupo-pesquisa/Egov/analize_sites_Egov/acessamonitor/accessmonitor-docker/src/util/qualweb.ts:64:13)\n    at async executeUrlEvaluation (/home/jesus/faculdade/grupo"
mt,194,,,https://www.novomundo.mt.leg.br/,https://www.novomundo.mt.leg.br/,,,,,,,,,,"API respondeu HTTP 500: {""statusCode"":500,""error"":""Internal Server Error"",""message"":""Internal server error"",""path"":""/amp/eval/aHR0cHM6Ly93d3cubm92b211bmRvLm10LmxlZy5ici8%3D"",""timestamp"":""2026-09-21T21:35:15.970Z"",""stack"":""Error: Invalid resource: QualWeb returned an empty report.\n    at Object.evaluate (/home/jesus/faculdade/grupo-pesquisa/Egov/analize_sites_Egov/acessamonitor/accessmonitor-docker/src/util/qualweb.ts:64:13)\n    at async executeUrlEvaluation (/home/jesus/faculdade/grupo-pesquisa/Egov/analize_sites_Ego"
mt,195,,,https://www.novosantoantonio.mt.gov.br/,https://www.novosantoantonio.mt.gov.br/,,Página Principal - Prefeitura de Novo Santo Antônio,7.2,36,274,71,10,/home/jesus/faculdade/grupo-pesquisa/Egov/analize_sites_Egov/webscrap_accessmonitor/saida_mt/2026-09-21/17-04-38/accessmonitor_www.novosantoantonio.mt.gov.br_195.json,/home/jesus/faculdade/grupo-pesquisa/Egov/analize_sites_Egov/webscrap_accessmonitor/saida_mt/2026-09-21/17-04-38/accessmonitor_www.novosantoantonio.mt.gov.br_195.pdf,
mt,197,,,https://www.novosaojoaquim.mt.gov.br/,https://www.novosaojoaquim.mt.gov.br/,,Página Inicial - Prefeitura Municipal de Novo São Joaquim | Gestão 2025-2028,7.3,37,403,46,40,/home/jesus/faculdade/grupo-pesquisa/Egov/analize_sites_Egov/webscrap_accessmonitor/saida_mt/2026-09-21/17-04-38/accessmonitor_www.novosaojoaquim.mt.gov.br_197.json,/home/jesus/faculdade/grupo-pesquisa/Egov/analize_sites_Egov/webscrap_accessmonitor/saida_mt/2026-09-21/17-04-38/accessmonitor_www.novosaojoaquim.mt.gov.br_197.pdf,
mt,198,,,https://camaranovosaojoaquim.mt.gov.br/,https://camaranovosaojoaquim.mt.gov.br/,,Página Inicial - Câmara Municipal de Novo São Joaquim | Gestão 2025-2026,7.0,35,473,65,29,/home/jesus/faculdade/grupo-pesquisa/Egov/analize_sites_Egov/webscrap_accessmonitor/saida_mt/2026-09-21/17-04-38/accessmonitor_camaranovosaojoaquim.mt.gov.br_198.json,/home/jesus/faculdade/grupo-pesquisa/Egov/analize_sites_Egov/webscrap_accessmonitor/saida_mt/2026-09-21/17-04-38/accessmonitor_camaranovosaojoaquim.mt.gov.br_198.pdf,
mt,200,,,https://www.paranatinga.mt.leg.br/,https://www.paranatinga.mt.leg.br/,,Página Inicial — Câmara Municipal de Paranatinga,7.2,40,492,57,18,/home/jesus/faculdade/grupo-pesquisa/Egov/analize_sites_Egov/webscrap_accessmonitor/saida_mt/2026-09-21/17-04-38/accessmonitor_www.paranatinga.mt.leg.br_200.json,/home/jesus/faculdade/grupo-pesquisa/Egov/analize_sites_Egov/webscrap_accessmonitor/saida_mt/2026-09-21/17-04-38/accessmonitor_www.paranatinga.mt.leg.br_200.pdf,
mt,199,,,https://www.paranatinga.mt.gov.br/,https://www.paranatinga.mt.gov.br/,,Página Inicial - Prefeitura Municipal de Paranatinga - MT,7.4,38,245,61,48,/home/jesus/faculdade/grupo-pesquisa/Egov/analize_sites_Egov/webscrap_accessmonitor/saida_mt/2026-09-21/17-04-38/accessmonitor_www.paranatinga.mt.gov.br_199.json,/home/jesus/faculdade/grupo-pesquisa/Egov/analize_sites_Egov/webscrap_accessmonitor/saida_mt/2026-09-21/17-04-38/accessmonitor_www.paranatinga.mt.gov.br_199.pdf,
mt,201,,,https://www.paranaita.mt.gov.br/,https://www.paranaita.mt.gov.br/,,Página Principal - Prefeitura de Paranaíta,6.9,35,470,198,25,/home/jesus/faculdade/grupo-pesquisa/Egov/analize_sites_Egov/webscrap_accessmonitor/saida_mt/2026-09-21/17-04-38/accessmonitor_www.paranaita.mt.gov.br_201.json,/home/jesus/faculdade/grupo-pesquisa/Egov/analize_sites_Egov/webscrap_accessmonitor/saida_mt/2026-09-21/17-04-38/accessmonitor_www.paranaita.mt.gov.br_201.pdf,
mt,202,,,https://paranaita.mt.leg.br/,https://paranaita.mt.leg.br/,,Início - Câmara Municipal de Paranaíta - MT,7.2,41,836,109,41,/home/jesus/faculdade/grupo-pesquisa/Egov/analize_sites_Egov/webscrap_accessmonitor/saida_mt/2026-09-21/17-04-38/accessmonitor_paranaita.mt.leg.br_202.json,/home/jesus/faculdade/grupo-pesquisa/Egov/analize_sites_Egov/webscrap_accessmonitor/saida_mt/2026-09-21/17-04-38/accessmonitor_paranaita.mt.leg.br_202.pdf,
mt,203,,,https://www.pedrapreta.mt.gov.br/,https://www.pedrapreta.mt.gov.br/,,Prefeitura Municipal de Pedra Preta,5.4,35,787,248,64,/home/jesus/faculdade/grupo-pesquisa/Egov/analize_sites_Egov/webscrap_accessmonitor/saida_mt/2026-09-21/17-04-38/accessmonitor_www.pedrapreta.mt.gov.br_203.json,/home/jesus/faculdade/grupo-pesquisa/Egov/analize_sites_Egov/webscrap_accessmonitor/saida_mt/2026-09-21/17-04-38/accessmonitor_www.pedrapreta.mt.gov.br_203.pdf,
mt,205,,,https://www.cisvaledopeixoto.com.br/,https://www.cisvaledopeixoto.com.br/,,Consórcio Intermunicipal de Saúde da Região do Vale do Peixoto,5.6,37,552,213,30,/home/jesus/faculdade/grupo-pesquisa/Egov/analize_sites_Egov/webscrap_accessmonitor/saida_mt/2026-09-21/17-04-38/accessmonitor_www.cisvaledopeixoto.com.br_205.json,/home/jesus/faculdade/grupo-pesquisa/Egov/analize_sites_Egov/webscrap_accessmonitor/saida_mt/2026-09-21/17-04-38/accessmonitor_www.cisvaledopeixoto.com.br_205.pdf,
mt,196,,,https://novosantoantonio.mt.leg.br/,https://novosantoantonio.mt.leg.br/,,,,,,,,,,Avaliação excedeu 120s.
mt,204,,,https://pedrapreta.mt.leg.br/,https://pedrapreta.mt.leg.br/,,Início - Câmara Municipal de Pedra Preta - MT,6.8,38,723,87,34,/home/jesus/faculdade/grupo-pesquisa/Egov/analize_sites_Egov/webscrap_accessmonitor/saida_mt/2026-09-21/17-04-38/accessmonitor_pedrapreta.mt.leg.br_204.json,/home/jesus/faculdade/grupo-pesquisa/Egov/analize_sites_Egov/webscrap_accessmonitor/saida_mt/2026-09-21/17-04-38/accessmonitor_pedrapreta.mt.leg.br_204.pdf,
mt,206,,,https://www.peixotodeazevedo.mt.gov.br/,https://www.peixotodeazevedo.mt.gov.br/,,Página Inicial - Prefeitura de Peixoto de Azevedo - MT,7.6,37,296,67,50,/home/jesus/faculdade/grupo-pesquisa/Egov/analize_sites_Egov/webscrap_accessmonitor/saida_mt/2026-09-21/17-04-38/accessmonitor_www.peixotodeazevedo.mt.gov.br_206.json,/home/jesus/faculdade/grupo-pesquisa/Egov/analize_sites_Egov/webscrap_accessmonitor/saida_mt/2026-09-21/17-04-38/accessmonitor_www.peixotodeazevedo.mt.gov.br_206.pdf,
mt,207,,,https://www.camarapeixotodeazevedo.mt.gov.br/,https://www.camarapeixotodeazevedo.mt.gov.br/,,Página Inicial - Câmara Municipal de Peixoto de Azevedo - MT,7.8,37,315,87,33,/home/jesus/faculdade/grupo-pesquisa/Egov/analize_sites_Egov/webscrap_accessmonitor/saida_mt/2026-09-21/17-04-38/accessmonitor_www.camarapeixotodeazevedo.mt.gov.br_207.json,/home/jesus/faculdade/grupo-pesquisa/Egov/analize_sites_Egov/webscrap_accessmonitor/saida_mt/2026-09-21/17-04-38/accessmonitor_www.camarapeixotodeazevedo.mt.gov.br_207.pdf,
mt,209,,,https://camaraplanaltodaserra.mt.gov.br/,https://camaraplanaltodaserra.mt.gov.br/,,,,,,,,,,"API respondeu HTTP 500: {""statusCode"":500,""error"":""Internal Server Error"",""message"":""Internal server error"",""path"":""/amp/eval/aHR0cHM6Ly9jYW1hcmFwbGFuYWx0b2Rhc2VycmEubXQuZ292LmJyLw%3D%3D"",""timestamp"":""2026-09-21T21:37:37.096Z"",""stack"":""Error: Invalid resource: QualWeb returned an empty report.\n    at Object.evaluate (/home/jesus/faculdade/grupo-pesquisa/Egov/analize_sites_Egov/acessamonitor/accessmonitor-docker/src/util/qualweb.ts:64:13)\n    at async executeUrlEvaluation (/home/jesus/faculdade/grupo-pesquisa/Egov/ana"
mt,210,,,https://www.pocone.mt.gov.br/,https://www.pocone.mt.gov.br/,,Access denied | www.pocone.mt.gov.br used Cloudflare to restrict access | www.pocone.mt.gov.br | Cloudflare,8.7,17,30,28,3,/home/jesus/faculdade/grupo-pesquisa/Egov/analize_sites_Egov/webscrap_accessmonitor/saida_mt/2026-09-21/17-04-38/accessmonitor_www.pocone.mt.gov.br_210.json,/home/jesus/faculdade/grupo-pesquisa/Egov/analize_sites_Egov/webscrap_accessmonitor/saida_mt/2026-09-21/17-04-38/accessmonitor_www.pocone.mt.gov.br_210.pdf,
mt,208,,,https://www.planaltodaserra.mt.gov.br,https://www.planaltodaserra.mt.gov.br,,,,,,,,,,"API respondeu HTTP 500: {""statusCode"":500,""error"":""Internal Server Error"",""message"":""Internal server error"",""path"":""/amp/eval/aHR0cHM6Ly93d3cucGxhbmFsdG9kYXNlcnJhLm10Lmdvdi5icg%3D%3D"",""timestamp"":""2026-09-21T21:37:49.654Z"",""stack"":""Error: Invalid resource: QualWeb returned an empty report.\n    at Object.evaluate (/home/jesus/faculdade/grupo-pesquisa/Egov/analize_sites_Egov/acessamonitor/accessmonitor-docker/src/util/qualweb.ts:64:13)\n    at async executeUrlEvaluation (/home/jesus/faculdade/grupo-pesquisa/Egov/analize"
mt,213,,,https://www.pontaldoaraguaia.mt.leg.br/,https://www.pontaldoaraguaia.mt.leg.br/,,Página Inicial — Câmara de Pontal do Araguaia-MT,7.4,37,306,39,7,/home/jesus/faculdade/grupo-pesquisa/Egov/analize_sites_Egov/webscrap_accessmonitor/saida_mt/2026-09-21/17-04-38/accessmonitor_www.pontaldoaraguaia.mt.leg.br_213.json,/home/jesus/faculdade/grupo-pesquisa/Egov/analize_sites_Egov/webscrap_accessmonitor/saida_mt/2026-09-21/17-04-38/accessmonitor_www.pontaldoaraguaia.mt.leg.br_213.pdf,
mt,212,,,https://www.pontaldoaraguaia.mt.gov.br/,https://www.pontaldoaraguaia.mt.gov.br/,,Prefeitura Municipal de Pontal Do Araguaia - MT,7.7,36,294,46,12,/home/jesus/faculdade/grupo-pesquisa/Egov/analize_sites_Egov/webscrap_accessmonitor/saida_mt/2026-09-21/17-04-38/accessmonitor_www.pontaldoaraguaia.mt.gov.br_212.json,/home/jesus/faculdade/grupo-pesquisa/Egov/analize_sites_Egov/webscrap_accessmonitor/saida_mt/2026-09-21/17-04-38/accessmonitor_www.pontaldoaraguaia.mt.gov.br_212.pdf,
mt,215,,,https://www.camarapontebranca.com.br/,https://www.camarapontebranca.com.br/,,,,,,,,,,"API respondeu HTTP 400: {""statusCode"":400,""error"":""Bad Request"",""message"":""The URL provided is invalid."",""path"":""/amp/eval/aHR0cHM6Ly93d3cuY2FtYXJhcG9udGVicmFuY2EuY29tLmJyLw%3D%3D"",""timestamp"":""2026-09-21T21:38:06.141Z"",""stack"":""InvalidUrlException: The URL provided is invalid.\n    at validateUrlRestriction (/home/jesus/faculdade/grupo-pesquisa/Egov/analize_sites_Egov/acessamonitor/accessmonitor-docker/src/common/util.ts:21:11)\n    at async AmpService.evaluateUrl (/home/jesus/faculdade/grupo-pesquisa/Egov/analize_sit"
mt,211,,,https://www.pocone.mt.leg.br/,https://www.pocone.mt.leg.br/,,Página Inicial — Câmara Municipal de Poconé,7.2,40,567,81,14,/home/jesus/faculdade/grupo-pesquisa/Egov/analize_sites_Egov/webscrap_accessmonitor/saida_mt/2026-09-21/17-04-38/accessmonitor_www.pocone.mt.leg.br_211.json,/home/jesus/faculdade/grupo-pesquisa/Egov/analize_sites_Egov/webscrap_accessmonitor/saida_mt/2026-09-21/17-04-38/accessmonitor_www.pocone.mt.leg.br_211.pdf,
mt,216,,,https://www.cisvag.com.br/,https://www.cisvag.com.br/,,CISVAG,6.4,29,89,123,1,/home/jesus/faculdade/grupo-pesquisa/Egov/analize_sites_Egov/webscrap_accessmonitor/saida_mt/2026-09-21/17-04-38/accessmonitor_www.cisvag.com.br_216.json,/home/jesus/faculdade/grupo-pesquisa/Egov/analize_sites_Egov/webscrap_accessmonitor/saida_mt/2026-09-21/17-04-38/accessmonitor_www.cisvag.com.br_216.pdf,
mt,214,,,https://www.prefeituradepontebranca-mt.com.br/,https://www.prefeituradepontebranca-mt.com.br/,,,,,,,,,,"API respondeu HTTP 500: {""statusCode"":500,""error"":""Internal Server Error"",""message"":""Internal server error"",""path"":""/amp/eval/aHR0cHM6Ly93d3cucHJlZmVpdHVyYWRlcG9udGVicmFuY2EtbXQuY29tLmJyLw%3D%3D"",""timestamp"":""2026-09-21T21:38:24.642Z"",""stack"":""Error: Invalid resource: QualWeb returned an empty report.\n    at Object.evaluate (/home/jesus/faculdade/grupo-pesquisa/Egov/analize_sites_Egov/acessamonitor/accessmonitor-docker/src/util/qualweb.ts:64:13)\n    at async executeUrlEvaluation (/home/jesus/faculdade/grupo-pesquisa/"
mt,217,,,https://www.ponteselacerda.mt.gov.br/,https://www.ponteselacerda.mt.gov.br/,,Prefeitura de Pontes e Lacerda,5.9,28,223,183,1,/home/jesus/faculdade/grupo-pesquisa/Egov/analize_sites_Egov/webscrap_accessmonitor/saida_mt/2026-09-21/17-04-38/accessmonitor_www.ponteselacerda.mt.gov.br_217.json,/home/jesus/faculdade/grupo-pesquisa/Egov/analize_sites_Egov/webscrap_accessmonitor/saida_mt/2026-09-21/17-04-38/accessmonitor_www.ponteselacerda.mt.gov.br_217.pdf,
mt,219,,,https://cidesana.com.br/#/home,https://cidesana.com.br/#/home,,Cidesa Norte Araguaia,6.4,24,72,70,1,/home/jesus/faculdade/grupo-pesquisa/Egov/analize_sites_Egov/webscrap_accessmonitor/saida_mt/2026-09-21/17-04-38/accessmonitor_cidesana.com.br_219.json,/home/jesus/faculdade/grupo-pesquisa/Egov/analize_sites_Egov/webscrap_accessmonitor/saida_mt/2026-09-21/17-04-38/accessmonitor_cidesana.com.br_219.pdf,
mt,218,,,https://www.ponteselacerda.mt.leg.br/,https://www.ponteselacerda.mt.leg.br/,,Câmara Municipal de Pontes e Lacerda,5.7,37,98,272,10,/home/jesus/faculdade/grupo-pesquisa/Egov/analize_sites_Egov/webscrap_accessmonitor/saida_mt/2026-09-21/17-04-38/accessmonitor_www.ponteselacerda.mt.leg.br_218.json,/home/jesus/faculdade/grupo-pesquisa/Egov/analize_sites_Egov/webscrap_accessmonitor/saida_mt/2026-09-21/17-04-38/accessmonitor_www.ponteselacerda.mt.leg.br_218.pdf,
mt,220,,,https://www.portoalegredonorte.mt.gov.br/home,https://www.portoalegredonorte.mt.gov.br/home,,Página Inicial - Prefeitura de Porto Alegre do Norte - MT,7.5,40,419,35,45,/home/jesus/faculdade/grupo-pesquisa/Egov/analize_sites_Egov/webscrap_accessmonitor/saida_mt/2026-09-21/17-04-38/accessmonitor_www.portoalegredonorte.mt.gov.br_220.json,/home/jesus/faculdade/grupo-pesquisa/Egov/analize_sites_Egov/webscrap_accessmonitor/saida_mt/2026-09-21/17-04-38/accessmonitor_www.portoalegredonorte.mt.gov.br_220.pdf,
mt,221,,,https://www.portoalegredonorte.mt.leg.br/,https://www.portoalegredonorte.mt.leg.br/,,,,,,,,,,"API respondeu HTTP 500: {""statusCode"":500,""error"":""Internal Server Error"",""message"":""Internal server error"",""path"":""/amp/eval/aHR0cHM6Ly93d3cucG9ydG9hbGVncmVkb25vcnRlLm10LmxlZy5ici8%3D"",""timestamp"":""2026-09-21T21:39:10.545Z"",""stack"":""Error: Invalid resource: QualWeb returned an empty report.\n    at Object.evaluate (/home/jesus/faculdade/grupo-pesquisa/Egov/analize_sites_Egov/acessamonitor/accessmonitor-docker/src/util/qualweb.ts:64:13)\n    at async executeUrlEvaluation (/home/jesus/faculdade/grupo-pesquisa/Egov/anali"
mt,223,,,https://portodosgauchos.mt.leg.br/#/home,https://portodosgauchos.mt.leg.br/#/home,,Access denied | portodosgauchos.mt.leg.br used Cloudflare to restrict access | portodosgauchos.mt.leg.br | Cloudflare,8.7,17,30,28,3,/home/jesus/faculdade/grupo-pesquisa/Egov/analize_sites_Egov/webscrap_accessmonitor/saida_mt/2026-09-21/17-04-38/accessmonitor_portodosgauchos.mt.leg.br_223.json,/home/jesus/faculdade/grupo-pesquisa/Egov/analize_sites_Egov/webscrap_accessmonitor/saida_mt/2026-09-21/17-04-38/accessmonitor_portodosgauchos.mt.leg.br_223.pdf,
mt,222,,,https://www.portodosgauchos.mt.gov.br/,https://www.portodosgauchos.mt.gov.br/,,Página Inicial - Prefeitura de Porto Dos Gaúchos - MT,7.2,40,399,26,33,/home/jesus/faculdade/grupo-pesquisa/Egov/analize_sites_Egov/webscrap_accessmonitor/saida_mt/2026-09-21/17-04-38/accessmonitor_www.portodosgauchos.mt.gov.br_222.json,/home/jesus/faculdade/grupo-pesquisa/Egov/analize_sites_Egov/webscrap_accessmonitor/saida_mt/2026-09-21/17-04-38/accessmonitor_www.portodosgauchos.mt.gov.br_222.pdf,
