ordem;codigo_municipio;municipio;poder;esfera;unidade_gestora;indice_transparencia_2025;nivel_transparencia;url;url_retornada_amaweb;associacao_url;resultado_coleta;nota_amaweb;nota_conteudo_institucional;titulo;data_avaliacao;tentativas;erros_a;erros_aa;erros_aaa;testes;aprovados;falhos;manuais;elementos_html;tamanho_bytes;arquivo_json;arquivo_pdf
1;5100102;Acorizal;Executivo;Municipal;Prefeitura Municipal de Acorizal;0.5632;Intermediário;https://www.acorizal.mt.gov.br/;;Sem JSON associado;Sem resultado AMAWeb;;;;;10;;;;;;;;;;;
2;5100102;Acorizal;Legislativo;Municipal;Câmara Municipal de Acorizal;0.3407;Básico;https://camaraacorizal.mt.gov.br/;;Sem JSON associado;Sem resultado AMAWeb;;;;;10;;;;;;;;;;;
3;5100250;Alta Floresta;Consórcios;Municipal;Consórcio Intermunicipal de Saúde da Região do Alto Tapajós;0.2637;Inicial;https://www.consorcioaltotapajos.com.br/#/home;https://www.consorcioaltotapajos.com.br/#/home;URL exata;Conteúdo institucional avaliado;7.1;7.1;CIS da Região do Alto Tapajós;2026-09-20 06:42:21;1;6;1;0;119;73;44;2;286;24968;/home/jesus/faculdade/grupo-pesquisa/Egov/analize_sites_Egov/webscrap_amaweb/saida_mt/2026-09-20/02-41-56/amaweb_www.consorcioaltotapajos.com.br_003.json;/home/jesus/faculdade/grupo-pesquisa/Egov/analize_sites_Egov/webscrap_amaweb/saida_mt/2026-09-20/02-41-56/amaweb_www.consorcioaltotapajos.com.br_003.pdf
4;5100250;Alta Floresta;Executivo;Municipal;Prefeitura Municipal de Alta Floresta;0.7825;Prata;https://www.altafloresta.mt.gov.br/;https://www.altafloresta.mt.gov.br/;URL exata;Conteúdo institucional avaliado;7.9;7.9;Página Inicial - Prefeitura Municipal de Alta Floresta;2026-09-20 06:43:08;1;5;4;0;792;559;202;31;1338;262053;/home/jesus/faculdade/grupo-pesquisa/Egov/analize_sites_Egov/webscrap_amaweb/saida_mt/2026-09-20/02-41-56/amaweb_www.altafloresta.mt.gov.br_004.json;/home/jesus/faculdade/grupo-pesquisa/Egov/analize_sites_Egov/webscrap_amaweb/saida_mt/2026-09-20/02-41-56/amaweb_www.altafloresta.mt.gov.br_004.pdf
5;5100250;Alta Floresta;Legislativo;Municipal;Câmara Municipal de Alta Floresta;0.9736;Diamante;https://www.altafloresta.mt.leg.br/;https://www.altafloresta.mt.leg.br/;URL exata;Conteúdo institucional avaliado;7.6;7.6;Página Inicial — Câmara Municipal;2026-09-20 06:42:52;1;9;1;1;299;211;73;15;550;107204;/home/jesus/faculdade/grupo-pesquisa/Egov/analize_sites_Egov/webscrap_amaweb/saida_mt/2026-09-20/02-41-56/amaweb_www.altafloresta.mt.leg.br_005.json;/home/jesus/faculdade/grupo-pesquisa/Egov/analize_sites_Egov/webscrap_amaweb/saida_mt/2026-09-20/02-41-56/amaweb_www.altafloresta.mt.leg.br_005.pdf
6;5100300;Alto Araguaia;Executivo;Municipal;Prefeitura Municipal de Alto Araguaia;0.9079999999999999;Ouro;https://altoaraguaia.mt.gov.br/;https://altoaraguaia.mt.gov.br/;URL exata;Conteúdo institucional avaliado;6.9;6.9;Prefeitura Municipal de Alto Araguaia;2026-09-20 06:43:10;1;9;1;1;414;256;134;24;892;142712;/home/jesus/faculdade/grupo-pesquisa/Egov/analize_sites_Egov/webscrap_amaweb/saida_mt/2026-09-20/02-41-56/amaweb_altoaraguaia.mt.gov.br_006.json;/home/jesus/faculdade/grupo-pesquisa/Egov/analize_sites_Egov/webscrap_amaweb/saida_mt/2026-09-20/02-41-56/amaweb_altoaraguaia.mt.gov.br_006.pdf
7;5100300;Alto Araguaia;Legislativo;Municipal;Câmara Municipal de Alto Araguaia;0.9179;Ouro;https://www.altoaraguaia.mt.leg.br/;https://www.altoaraguaia.mt.leg.br/;URL exata;Conteúdo institucional avaliado;7.6;7.6;Notícias — CÂMARA MUNICIPAL DE ALTO ARAGUAIA;2026-09-20 06:43:54;1;8;1;1;552;359;174;19;976;107110;/home/jesus/faculdade/grupo-pesquisa/Egov/analize_sites_Egov/webscrap_amaweb/saida_mt/2026-09-20/02-41-56/amaweb_www.altoaraguaia.mt.leg.br_007.json;/home/jesus/faculdade/grupo-pesquisa/Egov/analize_sites_Egov/webscrap_amaweb/saida_mt/2026-09-20/02-41-56/amaweb_www.altoaraguaia.mt.leg.br_007.pdf
8;5100359;Alto Boa Vista;Executivo;Municipal;Prefeitura Municipal de Alto Boa Vista;0.7342;Intermediário;https://www.altoboavista.mt.gov.br;;Sem JSON associado;Sem resultado AMAWeb;;;;;10;;;;;;;;;;;
9;5100409;Alto Garças;Executivo;Municipal;Prefeitura Municipal de Alto Garças;0.7195;Intermediário;https://www.altogarcas.mt.gov.br/;https://www.altogarcas.mt.gov.br/;URL exata;Conteúdo institucional avaliado;8.3;8.3;Página Inicial - Prefeitura de Altos Garças - MT;2026-09-20 06:43:39;1;5;0;0;637;580;22;35;1198;216797;/home/jesus/faculdade/grupo-pesquisa/Egov/analize_sites_Egov/webscrap_amaweb/saida_mt/2026-09-20/02-41-56/amaweb_www.altogarcas.mt.gov.br_009.json;/home/jesus/faculdade/grupo-pesquisa/Egov/analize_sites_Egov/webscrap_amaweb/saida_mt/2026-09-20/02-41-56/amaweb_www.altogarcas.mt.gov.br_009.pdf
10;5100409;Alto Garças;Legislativo;Municipal;Câmara Municipal de Alto Garças;0.7502;Prata;https://www.altogarcas.mt.leg.br/;https://www.altogarcas.mt.leg.br/;URL exata;Conteúdo institucional avaliado;7.6;7.6;Início - Câmara Municipal de Alto Garças - MT;2026-09-20 06:44:30;1;7;2;1;992;856;96;40;1659;208055;/home/jesus/faculdade/grupo-pesquisa/Egov/analize_sites_Egov/webscrap_amaweb/saida_mt/2026-09-20/02-41-56/amaweb_www.altogarcas.mt.leg.br_010.json;/home/jesus/faculdade/grupo-pesquisa/Egov/analize_sites_Egov/webscrap_amaweb/saida_mt/2026-09-20/02-41-56/amaweb_www.altogarcas.mt.leg.br_010.pdf
11;5100508;Alto Paraguai;Executivo;Municipal;Prefeitura Municipal de Alto Paraguai;0.7202;Intermediário;https://www.altoparaguai.mt.gov.br/;https://www.altoparaguai.mt.gov.br/;URL exata;Conteúdo institucional avaliado;7.4;7.4;Página Inicial - Prefeitura de Alto Paraguai - MT;2026-09-20 06:44:44;1;9;2;1;643;447;82;114;2074;372126;/home/jesus/faculdade/grupo-pesquisa/Egov/analize_sites_Egov/webscrap_amaweb/saida_mt/2026-09-20/02-41-56/amaweb_www.altoparaguai.mt.gov.br_011.json;/home/jesus/faculdade/grupo-pesquisa/Egov/analize_sites_Egov/webscrap_amaweb/saida_mt/2026-09-20/02-41-56/amaweb_www.altoparaguai.mt.gov.br_011.pdf
12;5100508;Alto Paraguai;Legislativo;Municipal;Câmara Municipal de Alto Paraguai;0.9087999999999999;Ouro;https://www.camaradealtoparaguai.com.br/;;Sem JSON associado;Sem resultado AMAWeb;;;;;10;;;;;;;;;;;
13;5100607;Alto Taquari;Executivo;Municipal;Prefeitura Municipal de Alto Taquari;0.5675;Intermediário;https://www.altotaquari.mt.gov.br/;https://www.altotaquari.mt.gov.br/;URL exata;Conteúdo institucional avaliado;9.2;9.2;Prefeitura Municipal;2026-09-20 06:45:15;1;2;1;0;290;220;58;12;1590;380756;/home/jesus/faculdade/grupo-pesquisa/Egov/analize_sites_Egov/webscrap_amaweb/saida_mt/2026-09-20/02-41-56/amaweb_www.altotaquari.mt.gov.br_013.json;/home/jesus/faculdade/grupo-pesquisa/Egov/analize_sites_Egov/webscrap_amaweb/saida_mt/2026-09-20/02-41-56/amaweb_www.altotaquari.mt.gov.br_013.pdf
14;5100607;Alto Taquari;Legislativo;Municipal;Câmara Municipal de Alto Taquari;0.7490000000000001;Intermediário;https://www.altotaquari.mt.leg.br/;https://www.altotaquari.mt.leg.br/;URL exata;Conteúdo institucional avaliado;6.0;6.0;Camara Municipal de Alto Taquari;2026-09-20 06:45:06;1;12;1;1;499;339;135;25;991;219980;/home/jesus/faculdade/grupo-pesquisa/Egov/analize_sites_Egov/webscrap_amaweb/saida_mt/2026-09-20/02-41-56/amaweb_www.altotaquari.mt.leg.br_014.json;/home/jesus/faculdade/grupo-pesquisa/Egov/analize_sites_Egov/webscrap_amaweb/saida_mt/2026-09-20/02-41-56/amaweb_www.altotaquari.mt.leg.br_014.pdf
15;5100805;Apiacás;Executivo;Municipal;Prefeitura Municipal de Apiacás;0.7126;Intermediário;https://www.apiacas.mt.gov.br/;https://www.apiacas.mt.gov.br/;URL exata;Conteúdo institucional avaliado;8.1;8.1;Página Inicial - Prefeitura de Apiacás Apiacás - MT;2026-09-20 06:45:18;1;5;1;0;625;482;65;78;1434;251214;/home/jesus/faculdade/grupo-pesquisa/Egov/analize_sites_Egov/webscrap_amaweb/saida_mt/2026-09-20/02-41-56/amaweb_www.apiacas.mt.gov.br_015.json;/home/jesus/faculdade/grupo-pesquisa/Egov/analize_sites_Egov/webscrap_amaweb/saida_mt/2026-09-20/02-41-56/amaweb_www.apiacas.mt.gov.br_015.pdf
16;5100805;Apiacás;Legislativo;Municipal;Câmara Municipal de Apiacás;0.9634999999999999;Diamante;https://www.camaraapiacas.mt.gov.br/;https://www.camaraapiacas.mt.gov.br/;URL exata;Conteúdo institucional avaliado;7.1;7.1;Página Inicial - Câmara Apiacás;2026-09-20 06:45:27;1;11;1;0;395;267;92;36;875;65821;/home/jesus/faculdade/grupo-pesquisa/Egov/analize_sites_Egov/webscrap_amaweb/saida_mt/2026-09-20/02-41-56/amaweb_www.camaraapiacas.mt.gov.br_016.json;/home/jesus/faculdade/grupo-pesquisa/Egov/analize_sites_Egov/webscrap_amaweb/saida_mt/2026-09-20/02-41-56/amaweb_www.camaraapiacas.mt.gov.br_016.pdf
17;5101001;Araguaiana;Executivo;Municipal;Prefeitura Municipal de Araguaiana;0.5685;Intermediário;https://www.araguaiana.mt.gov.br/;;Sem JSON associado;Sem resultado AMAWeb;;;;;10;;;;;;;;;;;
18;5101001;Araguaiana;Legislativo;Municipal;Câmara Municipal de Araguaiana;0.5593;Intermediário;https://araguaiana.mt.leg.br/;;Sem JSON associado;Sem resultado AMAWeb;;;;;10;;;;;;;;;;;
19;5101209;Araguainha;Executivo;Municipal;Prefeitura Municipal de Araguainha;0.5406;Intermediário;https://araguainha.mt.gov.br/;https://araguainha.mt.gov.br/;URL exata;Conteúdo institucional avaliado;8.7;8.7;Prefeitura Municipal de Araguainha – Prefeitura Municipal de Araguainha;2026-09-20 06:45:52;1;3;2;0;547;494;28;25;869;232223;/home/jesus/faculdade/grupo-pesquisa/Egov/analize_sites_Egov/webscrap_amaweb/saida_mt/2026-09-20/02-41-56/amaweb_araguainha.mt.gov.br_019.json;/home/jesus/faculdade/grupo-pesquisa/Egov/analize_sites_Egov/webscrap_amaweb/saida_mt/2026-09-20/02-41-56/amaweb_araguainha.mt.gov.br_019.pdf
20;5101209;Araguainha;Legislativo;Municipal;Câmara Municipal de Araguainha;0.7164;Intermediário;https://araguainha.mt.leg.br/;;Sem JSON associado;Sem resultado AMAWeb;;;;;10;;;;;;;;;;;
21;5101258;Araputanga;Executivo;Municipal;Prefeitura Municipal de Araputanga;0.8057;Prata;https://araputanga.mt.gov.br/;https://araputanga.mt.gov.br/;URL exata;Conteúdo institucional avaliado;7.3;7.3;Prefeitura Municipal de Araputanga;2026-09-20 06:46:34;1;8;1;1;386;197;139;50;1063;154776;/home/jesus/faculdade/grupo-pesquisa/Egov/analize_sites_Egov/webscrap_amaweb/saida_mt/2026-09-20/02-41-56/amaweb_araputanga.mt.gov.br_021.json;/home/jesus/faculdade/grupo-pesquisa/Egov/analize_sites_Egov/webscrap_amaweb/saida_mt/2026-09-20/02-41-56/amaweb_araputanga.mt.gov.br_021.pdf
22;5101258;Araputanga;Legislativo;Municipal;Câmara Municipal de Araputanga;0.9009999999999999;Ouro;https://araputanga.mt.leg.br/;https://araputanga.mt.leg.br/;URL exata;Conteúdo institucional avaliado;7.7;7.7;Câmara Municipal de Araputanga;2026-09-20 06:47:00;1;7;1;0;344;147;157;40;775;114320;/home/jesus/faculdade/grupo-pesquisa/Egov/analize_sites_Egov/webscrap_amaweb/saida_mt/2026-09-20/02-41-56/amaweb_araputanga.mt.leg.br_022.json;/home/jesus/faculdade/grupo-pesquisa/Egov/analize_sites_Egov/webscrap_amaweb/saida_mt/2026-09-20/02-41-56/amaweb_araputanga.mt.leg.br_022.pdf
23;5101308;Arenápolis;Executivo;Municipal;Prefeitura Municipal de Arenápolis;0.4241;Básico;https://www.arenapolis.mt.gov.br/;https://www.arenapolis.mt.gov.br/;URL exata;Conteúdo institucional avaliado;6.3;6.3;Prefeitura Municipal de Arenápolis;2026-09-20 06:46:54;1;11;1;1;279;106;165;8;775;57632;/home/jesus/faculdade/grupo-pesquisa/Egov/analize_sites_Egov/webscrap_amaweb/saida_mt/2026-09-20/02-41-56/amaweb_www.arenapolis.mt.gov.br_023.json;/home/jesus/faculdade/grupo-pesquisa/Egov/analize_sites_Egov/webscrap_amaweb/saida_mt/2026-09-20/02-41-56/amaweb_www.arenapolis.mt.gov.br_023.pdf
24;5101308;Arenápolis;Legislativo;Municipal;Câmara Municipal de Arenápolis;0.22519999999999998;Inicial;https://arenapolis.mt.leg.br/;https://arenapolis.mt.leg.br/;URL exata;Bloqueio Cloudflare;9.6;;Access denied | arenapolis.mt.leg.br used Cloudflare to restrict access | arenapolis.mt.leg.br | Cloudflare;2026-09-20 06:46:47;1;0;1;0;61;30;28;3;49;6634;/home/jesus/faculdade/grupo-pesquisa/Egov/analize_sites_Egov/webscrap_amaweb/saida_mt/2026-09-20/02-41-56/amaweb_arenapolis.mt.leg.br_024.json;/home/jesus/faculdade/grupo-pesquisa/Egov/analize_sites_Egov/webscrap_amaweb/saida_mt/2026-09-20/02-41-56/amaweb_arenapolis.mt.leg.br_024.pdf
25;5101407;Aripuanã;Executivo;Municipal;Prefeitura Municipal de Aripuanã;0.8656999999999999;Ouro;https://www.aripuana.mt.gov.br/#/home;https://www.aripuana.mt.gov.br/#/home;URL exata;Conteúdo institucional avaliado;5.7;5.7;Prefeitura Municipal de Aripuanã;2026-09-20 06:47:12;1;9;1;0;350;77;255;18;1037;115246;/home/jesus/faculdade/grupo-pesquisa/Egov/analize_sites_Egov/webscrap_amaweb/saida_mt/2026-09-20/02-41-56/amaweb_www.aripuana.mt.gov.br_025.json;/home/jesus/faculdade/grupo-pesquisa/Egov/analize_sites_Egov/webscrap_amaweb/saida_mt/2026-09-20/02-41-56/amaweb_www.aripuana.mt.gov.br_025.pdf
26;5101407;Aripuanã;Legislativo;Municipal;Câmara Municipal de Aripuanã;0.9702;Diamante;https://camaraaripuanamt.com.br/index.php;;Sem JSON associado;Sem resultado AMAWeb;;;;;10;;;;;;;;;;;
27;5101704;Barra do Bugres;Executivo;Municipal;Prefeitura Municipal de Barra do Bugres;0.8945000000000001;Ouro;https://www.barradobugres.mt.gov.br/;https://barradobugres.mt.gov.br/;URL exata;Conteúdo institucional avaliado;7.6;7.6;Prefeitura Municipal de Barra do Bugres | Gestão 2025-2028 – Site oficial da Prefeitura Municipal de Barra do Bugres;2026-09-20 06:47:39;1;6;1;1;259;171;53;35;1250;212125;/home/jesus/faculdade/grupo-pesquisa/Egov/analize_sites_Egov/webscrap_amaweb/saida_mt/2026-09-20/02-41-56/amaweb_www.barradobugres.mt.gov.br_027.json;/home/jesus/faculdade/grupo-pesquisa/Egov/analize_sites_Egov/webscrap_amaweb/saida_mt/2026-09-20/02-41-56/amaweb_www.barradobugres.mt.gov.br_027.pdf
28;5101704;Barra do Bugres;Legislativo;Municipal;Câmara Municipal de Barra do Bugres;0.6502;Intermediário;https://barradobugres.mt.leg.br;https://barradobugres.mt.leg.br/;URL exata;Conteúdo institucional avaliado;6.7;6.7;Câmara Municipal de Barra do Bugres;2026-09-20 06:47:37;1;13;1;0;355;262;76;17;1240;114353;/home/jesus/faculdade/grupo-pesquisa/Egov/analize_sites_Egov/webscrap_amaweb/saida_mt/2026-09-20/02-41-56/amaweb_barradobugres.mt.leg.br_028.json;/home/jesus/faculdade/grupo-pesquisa/Egov/analize_sites_Egov/webscrap_amaweb/saida_mt/2026-09-20/02-41-56/amaweb_barradobugres.mt.leg.br_028.pdf
29;5101803;Barra do Garças;Consórcios;Municipal;Consórcio Intermunicipal de Saúde da Região do Garças Araguaia;0.7347;Intermediário;https://www.cisrga.com.br/#/home;https://www.cisrga.com.br/#/home;URL exata;Conteúdo institucional avaliado;7.3;7.3;Cisrga;2026-09-20 06:47:48;1;5;1;0;129;82;46;1;370;30597;/home/jesus/faculdade/grupo-pesquisa/Egov/analize_sites_Egov/webscrap_amaweb/saida_mt/2026-09-20/02-41-56/amaweb_www.cisrga.com.br_029.json;/home/jesus/faculdade/grupo-pesquisa/Egov/analize_sites_Egov/webscrap_amaweb/saida_mt/2026-09-20/02-41-56/amaweb_www.cisrga.com.br_029.pdf
30;5101803;Barra do Garças;Executivo;Municipal;Prefeitura Municipal de Barra do Garças;0.8368000000000001;Elevado;https://www.barradogarcas.mt.gov.br/;https://www.barradogarcas.mt.gov.br/;URL exata;Conteúdo institucional avaliado;7.5;7.5;Página Inicial - Prefeitura Municipal de Barra do Garças;2026-09-20 06:48:04;1;8;1;1;394;328;28;38;1098;124429;/home/jesus/faculdade/grupo-pesquisa/Egov/analize_sites_Egov/webscrap_amaweb/saida_mt/2026-09-20/02-41-56/amaweb_www.barradogarcas.mt.gov.br_030.json;/home/jesus/faculdade/grupo-pesquisa/Egov/analize_sites_Egov/webscrap_amaweb/saida_mt/2026-09-20/02-41-56/amaweb_www.barradogarcas.mt.gov.br_030.pdf
31;5101803;Barra do Garças;Legislativo;Municipal;Câmara Municipal de Barra do Garças;0.7479;Intermediário;https://www.barradogarcas.mt.leg.br/;https://www.barradogarcas.mt.leg.br/;URL exata;Conteúdo institucional avaliado;7.9;7.9;Página Inicial — Câmara Municipal de Barra do Garças;2026-09-20 06:48:21;1;8;0;1;417;337;61;19;1027;115660;/home/jesus/faculdade/grupo-pesquisa/Egov/analize_sites_Egov/webscrap_amaweb/saida_mt/2026-09-20/02-41-56/amaweb_www.barradogarcas.mt.leg.br_031.json;/home/jesus/faculdade/grupo-pesquisa/Egov/analize_sites_Egov/webscrap_amaweb/saida_mt/2026-09-20/02-41-56/amaweb_www.barradogarcas.mt.leg.br_031.pdf
32;5101605;Barão de Melgaço;Executivo;Municipal;Prefeitura Municipal de Barão de Melgaço;0.7447;Intermediário;https://www.baraodemelgaco.mt.gov.br/;;Sem JSON associado;Sem resultado AMAWeb;;;;;10;;;;;;;;;;;
33;5101605;Barão de Melgaço;Legislativo;Municipal;Câmara Municipal de Barão de Melgaço;0.6867;Intermediário;https://baraodemelgaco.mt.leg.br/;;Sem JSON associado;Sem resultado AMAWeb;;;;;10;;;;;;;;;;;
34;5101837;Boa Esperança do Norte;Executivo;Municipal;Prefeitura Municipal de Boa Esperança do Norte;0.9595999999999999;Diamante;https://www.boaesperancadonorte.mt.gov.br/;https://www.boaesperancadonorte.mt.gov.br/;URL exata;Bloqueio Cloudflare;9.6;;Access denied | www.boaesperancadonorte.mt.gov.br used Cloudflare to restrict access | www.boaesperancadonorte.mt.gov.br | Cloudflare;2026-09-20 06:48:47;1;0;1;0;61;30;28;3;49;6673;/home/jesus/faculdade/grupo-pesquisa/Egov/analize_sites_Egov/webscrap_amaweb/saida_mt/2026-09-20/02-41-56/amaweb_www.boaesperancadonorte.mt.gov.br_034.json;/home/jesus/faculdade/grupo-pesquisa/Egov/analize_sites_Egov/webscrap_amaweb/saida_mt/2026-09-20/02-41-56/amaweb_www.boaesperancadonorte.mt.gov.br_034.pdf
35;5101852;Bom Jesus do Araguaia;Executivo;Municipal;Prefeitura Municipal de Bom Jesus do Araguaia;0.833;Elevado;https://www.bomjesusdoaraguaia.mt.gov.br/;;Sem JSON associado;Sem resultado AMAWeb;;;;;10;;;;;;;;;;;
36;5101852;Bom Jesus do Araguaia;Legislativo;Municipal;Câmara Municipal de Bom Jesus do Araguaia;0.8809;Elevado;https://camarabomjesusdoaraguaia.mt.gov.br/;https://www.bomjesusdoaraguaia.mt.leg.br/;URL exata;Conteúdo institucional avaliado;6.9;6.9;"C&#226;mara Municipal de Bom Jesus do Araguaia";2026-09-20 06:50:17;1;13;2;1;442;200;203;39;1036;190994;/home/jesus/faculdade/grupo-pesquisa/Egov/analize_sites_Egov/webscrap_amaweb/saida_mt/2026-09-20/02-41-56/amaweb_camarabomjesusdoaraguaia.mt.gov.br_036.json;/home/jesus/faculdade/grupo-pesquisa/Egov/analize_sites_Egov/webscrap_amaweb/saida_mt/2026-09-20/02-41-56/amaweb_camarabomjesusdoaraguaia.mt.gov.br_036.pdf
37;5101902;Brasnorte;Executivo;Municipal;Prefeitura Municipal de Brasnorte;0.8245999999999999;Prata;https://www.brasnorte.mt.gov.br/;https://www.brasnorte.mt.gov.br/;URL exata;Conteúdo institucional avaliado;6.1;6.1;Página Principal Prefeitura Municipal de Brasnorte;2026-09-20 06:49:08;1;13;1;1;623;395;202;26;852;79722;/home/jesus/faculdade/grupo-pesquisa/Egov/analize_sites_Egov/webscrap_amaweb/saida_mt/2026-09-20/02-41-56/amaweb_www.brasnorte.mt.gov.br_037.json;/home/jesus/faculdade/grupo-pesquisa/Egov/analize_sites_Egov/webscrap_amaweb/saida_mt/2026-09-20/02-41-56/amaweb_www.brasnorte.mt.gov.br_037.pdf
38;5101902;Brasnorte;Legislativo;Municipal;Câmara Municipal de Brasnorte;0.21489999999999998;Inicial;https://www.camarabrasnorte.mt.gov.br/;https://www.camarabrasnorte.mt.gov.br/;URL exata;Conteúdo institucional avaliado;8.8;8.8;Página Inicial - Câmara Municipal de Brasnorte - MT;2026-09-20 06:49:32;1;4;1;0;480;364;45;71;962;140413;/home/jesus/faculdade/grupo-pesquisa/Egov/analize_sites_Egov/webscrap_amaweb/saida_mt/2026-09-20/02-41-56/amaweb_www.camarabrasnorte.mt.gov.br_038.json;/home/jesus/faculdade/grupo-pesquisa/Egov/analize_sites_Egov/webscrap_amaweb/saida_mt/2026-09-20/02-41-56/amaweb_www.camarabrasnorte.mt.gov.br_038.pdf
39;5102603;Campinápolis;Executivo;Municipal;Prefeitura Municipal de Campinápolis;0.35509999999999997;Básico;https://www.campinapolis.mt.gov.br/#/home;https://www.campinapolis.mt.gov.br/#/home;URL exata;Conteúdo institucional avaliado;7.7;7.7;Prefeitura Municipal de Campinápolis - MT;2026-09-20 06:49:31;1;7;1;1;400;141;224;35;1059;127662;/home/jesus/faculdade/grupo-pesquisa/Egov/analize_sites_Egov/webscrap_amaweb/saida_mt/2026-09-20/02-41-56/amaweb_www.campinapolis.mt.gov.br_039.json;/home/jesus/faculdade/grupo-pesquisa/Egov/analize_sites_Egov/webscrap_amaweb/saida_mt/2026-09-20/02-41-56/amaweb_www.campinapolis.mt.gov.br_039.pdf
40;5102603;Campinápolis;Legislativo;Municipal;Câmara Municipal de Campinápolis;0.41200000000000003;Básico;https://www.campinapolis.mt.leg.br/;https://www.campinapolis.mt.leg.br/;URL exata;Conteúdo institucional avaliado;8.2;8.2;Página Inicial — Câmara Municipal de Campinápolis;2026-09-20 06:49:51;1;7;0;0;280;239;37;4;589;66802;/home/jesus/faculdade/grupo-pesquisa/Egov/analize_sites_Egov/webscrap_amaweb/saida_mt/2026-09-20/02-41-56/amaweb_www.campinapolis.mt.leg.br_040.json;/home/jesus/faculdade/grupo-pesquisa/Egov/analize_sites_Egov/webscrap_amaweb/saida_mt/2026-09-20/02-41-56/amaweb_www.campinapolis.mt.leg.br_040.pdf
41;5102637;Campo Novo do Parecis;Executivo;Municipal;Prefeitura Municipal de Campo Novo do Parecis;0.799;Prata;https://www.gp.srv.br/transparencia_camponovodoparecis/servlet/home_portal_v2?1;https://www.gp.srv.br/transparencia_camponovodoparecis/servlet/home_portal?1;URL exata;Conteúdo institucional avaliado;7.1;7.1;Portal de Transparência;2026-09-20 06:50:19;1;5;0;0;358;308;50;0;429;153335;/home/jesus/faculdade/grupo-pesquisa/Egov/analize_sites_Egov/webscrap_amaweb/saida_mt/2026-09-20/02-41-56/amaweb_www.gp.srv.br_041.json;/home/jesus/faculdade/grupo-pesquisa/Egov/analize_sites_Egov/webscrap_amaweb/saida_mt/2026-09-20/02-41-56/amaweb_www.gp.srv.br_041.pdf
42;5102637;Campo Novo do Parecis;Legislativo;Municipal;Câmara Municipal de Campo Novo do Parecis;0.9045000000000001;Ouro;https://www.camponovodoparecis.mt.leg.br/;https://www.camponovodoparecis.mt.leg.br/;URL exata;Conteúdo institucional avaliado;8.0;8.0;Página Inicial — CÂMARA MUNICIPAL;2026-09-20 06:50:20;1;9;0;1;359;305;44;10;750;75746;/home/jesus/faculdade/grupo-pesquisa/Egov/analize_sites_Egov/webscrap_amaweb/saida_mt/2026-09-20/02-41-56/amaweb_www.camponovodoparecis.mt.leg.br_042.json;/home/jesus/faculdade/grupo-pesquisa/Egov/analize_sites_Egov/webscrap_amaweb/saida_mt/2026-09-20/02-41-56/amaweb_www.camponovodoparecis.mt.leg.br_042.pdf
43;5102678;Campo Verde;Executivo;Municipal;Prefeitura Municipal de Campo Verde;0.9723999999999999;Diamante;https://campoverde.mt.gov.br/;https://www.campoverde.mt.gov.br/;URL exata;Conteúdo institucional avaliado;8.3;8.3;Página Inicial - Prefeitura de Campo Verde - MT;2026-09-20 06:50:51;1;6;0;0;509;435;31;43;1264;239607;/home/jesus/faculdade/grupo-pesquisa/Egov/analize_sites_Egov/webscrap_amaweb/saida_mt/2026-09-20/02-41-56/amaweb_campoverde.mt.gov.br_043.json;/home/jesus/faculdade/grupo-pesquisa/Egov/analize_sites_Egov/webscrap_amaweb/saida_mt/2026-09-20/02-41-56/amaweb_campoverde.mt.gov.br_043.pdf
44;5102678;Campo Verde;Legislativo;Municipal;Câmara Municipal de Campo Verde;0.9554;Diamante;https://www.campoverde.mt.leg.br/;https://www.campoverde.mt.leg.br/;URL exata;Conteúdo institucional avaliado;7.1;7.1;Câmara Municipal de Campo Verde - Transparência, Legislação e Participação Cidadã;2026-09-20 06:51:15;1;7;1;0;420;256;143;21;3152;838084;/home/jesus/faculdade/grupo-pesquisa/Egov/analize_sites_Egov/webscrap_amaweb/saida_mt/2026-09-20/02-41-56/amaweb_www.campoverde.mt.leg.br_044.json;/home/jesus/faculdade/grupo-pesquisa/Egov/analize_sites_Egov/webscrap_amaweb/saida_mt/2026-09-20/02-41-56/amaweb_www.campoverde.mt.leg.br_044.pdf
45;5102686;Campos de Júlio;Executivo;Municipal;Prefeitura Municipal de Campos de Júlio;0.9540000000000001;Diamante;https://www.camposdejulio.mt.gov.br/;https://www.camposdejulio.mt.gov.br/;URL exata;Conteúdo institucional avaliado;6.6;6.6;Página Inicial - Prefeitura Municipal de Campos de Júlio;2026-09-20 06:51:06;1;10;3;1;531;225;189;117;1621;316185;/home/jesus/faculdade/grupo-pesquisa/Egov/analize_sites_Egov/webscrap_amaweb/saida_mt/2026-09-20/02-41-56/amaweb_www.camposdejulio.mt.gov.br_045.json;/home/jesus/faculdade/grupo-pesquisa/Egov/analize_sites_Egov/webscrap_amaweb/saida_mt/2026-09-20/02-41-56/amaweb_www.camposdejulio.mt.gov.br_045.pdf
46;5102686;Campos de Júlio;Legislativo;Municipal;Câmara Municipal de Campos de Júlio;0.9011;Ouro;https://www.camaracamposdejulio.mt.gov.br/home;;Sem JSON associado;Sem resultado AMAWeb;;;;;10;;;;;;;;;;;
47;5102694;Canabrava do Norte;Executivo;Municipal;Prefeitura Municipal de Canabrava do Norte;0.8402;Prata;https://canabravadonorte.org/;https://canabravadonorte.org/;URL exata;Conteúdo institucional avaliado;8.3;8.3;Canabrava do Norte;2026-09-20 06:51:10;1;5;0;0;329;277;43;9;468;40573;/home/jesus/faculdade/grupo-pesquisa/Egov/analize_sites_Egov/webscrap_amaweb/saida_mt/2026-09-20/02-41-56/amaweb_canabravadonorte.org_047.json;/home/jesus/faculdade/grupo-pesquisa/Egov/analize_sites_Egov/webscrap_amaweb/saida_mt/2026-09-20/02-41-56/amaweb_canabravadonorte.org_047.pdf
48;5102694;Canabrava do Norte;Legislativo;Municipal;Câmara Municipal de Canabrava do Norte;0.6079;Intermediário;https://canabravadonorte.mt.leg.br/;;Sem JSON associado;Sem resultado AMAWeb;;;;;10;;;;;;;;;;;
49;5102702;Canarana;Executivo;Municipal;Prefeitura Municipal de Canarana;0.55;Intermediário;https://canarana.mt.gov.br/portal/;;Sem JSON associado;Sem resultado AMAWeb;;;;;10;;;;;;;;;;;
50;5102702;Canarana;Legislativo;Municipal;Câmara Municipal de Canarana;0.6101;Intermediário;https://www.canarana.mt.leg.br/;https://www.canarana.mt.leg.br/;URL exata;Conteúdo institucional avaliado;8.1;8.1;Página Inicial — Câmara Municipal;2026-09-20 06:51:44;1;7;1;0;297;239;46;12;552;57712;/home/jesus/faculdade/grupo-pesquisa/Egov/analize_sites_Egov/webscrap_amaweb/saida_mt/2026-09-20/02-41-56/amaweb_www.canarana.mt.leg.br_050.json;/home/jesus/faculdade/grupo-pesquisa/Egov/analize_sites_Egov/webscrap_amaweb/saida_mt/2026-09-20/02-41-56/amaweb_www.canarana.mt.leg.br_050.pdf
51;5102793;Carlinda;Executivo;Municipal;Prefeitura Municipal de Carlinda;0.8967;Elevado;https://www.carlinda.mt.gov.br/adm/aplicativo.php;https://www.carlinda.mt.gov.br/adm/aplicativo.php;URL exata;Conteúdo institucional avaliado;8.0;8.0;Página Inicial - Prefeitura de Carlinda Carlinda - MT;2026-09-20 06:51:51;1;6;0;0;644;549;46;49;1509;275043;/home/jesus/faculdade/grupo-pesquisa/Egov/analize_sites_Egov/webscrap_amaweb/saida_mt/2026-09-20/02-41-56/amaweb_www.carlinda.mt.gov.br_051.json;/home/jesus/faculdade/grupo-pesquisa/Egov/analize_sites_Egov/webscrap_amaweb/saida_mt/2026-09-20/02-41-56/amaweb_www.carlinda.mt.gov.br_051.pdf
52;5102793;Carlinda;Legislativo;Municipal;Câmara Municipal de Carlinda;0.8271;Elevado;https://www.camaracarlinda.mt.gov.br/;https://www.camaracarlinda.mt.gov.br/;URL exata;Conteúdo institucional avaliado;7.5;7.5;· Câmara de Carlinda;2026-09-20 06:51:56;1;8;2;0;309;207;74;28;493;40845;/home/jesus/faculdade/grupo-pesquisa/Egov/analize_sites_Egov/webscrap_amaweb/saida_mt/2026-09-20/02-41-56/amaweb_www.camaracarlinda.mt.gov.br_052.json;/home/jesus/faculdade/grupo-pesquisa/Egov/analize_sites_Egov/webscrap_amaweb/saida_mt/2026-09-20/02-41-56/amaweb_www.camaracarlinda.mt.gov.br_052.pdf
53;5102850;Castanheira;Executivo;Municipal;Prefeitura Municipal de Castanheira;0.772;Prata;https://www.castanheira.mt.gov.br/;https://www.castanheira.mt.gov.br/;URL exata;Conteúdo institucional avaliado;8.0;8.0;Prefeitura de Castanheira;2026-09-20 06:52:06;1;5;1;1;563;413;114;36;926;76564;/home/jesus/faculdade/grupo-pesquisa/Egov/analize_sites_Egov/webscrap_amaweb/saida_mt/2026-09-20/02-41-56/amaweb_www.castanheira.mt.gov.br_053.json;/home/jesus/faculdade/grupo-pesquisa/Egov/analize_sites_Egov/webscrap_amaweb/saida_mt/2026-09-20/02-41-56/amaweb_www.castanheira.mt.gov.br_053.pdf
54;5102850;Castanheira;Legislativo;Municipal;Câmara Municipal de Castanheira;0.2959;Inicial;https://www.castanheira.mt.leg.br/;https://www.castanheira.mt.leg.br/;URL exata;Bloqueio Cloudflare;9.6;;Access denied | www.castanheira.mt.leg.br used Cloudflare to restrict access | www.castanheira.mt.leg.br | Cloudflare;2026-09-20 06:52:06;1;0;1;0;61;30;28;3;51;7708;/home/jesus/faculdade/grupo-pesquisa/Egov/analize_sites_Egov/webscrap_amaweb/saida_mt/2026-09-20/02-41-56/amaweb_www.castanheira.mt.leg.br_054.json;/home/jesus/faculdade/grupo-pesquisa/Egov/analize_sites_Egov/webscrap_amaweb/saida_mt/2026-09-20/02-41-56/amaweb_www.castanheira.mt.leg.br_054.pdf
55;5103007;Chapada dos Guimarães;Executivo;Municipal;Prefeitura Municipal de Chapada dos Guimarães;0.7424;Intermediário;https://www.chapadadosguimaraes.mt.gov.br/;https://www.chapadadosguimaraes.mt.gov.br/;URL exata;Conteúdo institucional avaliado;8.0;8.0;Página Inicial - Prefeitura Municipal de Chapada dos Guimarães;2026-09-20 06:53:04;1;6;2;1;651;491;84;76;1443;200903;/home/jesus/faculdade/grupo-pesquisa/Egov/analize_sites_Egov/webscrap_amaweb/saida_mt/2026-09-20/02-41-56/amaweb_www.chapadadosguimaraes.mt.gov.br_055.json;/home/jesus/faculdade/grupo-pesquisa/Egov/analize_sites_Egov/webscrap_amaweb/saida_mt/2026-09-20/02-41-56/amaweb_www.chapadadosguimaraes.mt.gov.br_055.pdf
56;5103007;Chapada dos Guimarães;Legislativo;Municipal;Câmara Municipal de Chapada dos Guimarães;0.0527;Inicial;https://www.camarachapadadosguimaraes.mt.gov.br;https://www.camarachapadadosguimaraes.mt.gov.br/;URL exata;Conteúdo institucional avaliado;9.2;9.2;Câmara Municipal de Chapada dos Guimarães/MT;2026-09-20 08:05:54;2;2;1;0;398;181;205;12;508;42884;/home/jesus/faculdade/grupo-pesquisa/Egov/analize_sites_Egov/webscrap_amaweb/saida_mt/2026-09-20/04-02-24/amaweb_www.camarachapadadosguimaraes.mt.gov.br_015.json;/home/jesus/faculdade/grupo-pesquisa/Egov/analize_sites_Egov/webscrap_amaweb/saida_mt/2026-09-20/04-02-24/amaweb_www.camarachapadadosguimaraes.mt.gov.br_015.pdf
57;5103056;Cláudia;Executivo;Municipal;Prefeitura Municipal de Cláudia;0.8525;Ouro;https://www.claudia.mt.gov.br/;https://www.claudia.mt.gov.br/;URL exata;Conteúdo institucional avaliado;7.8;7.8;Prefeitura Municipal de Cláudia – MT – uma cidade para todos;2026-09-20 06:52:50;1;4;3;0;538;427;103;8;1053;171556;/home/jesus/faculdade/grupo-pesquisa/Egov/analize_sites_Egov/webscrap_amaweb/saida_mt/2026-09-20/02-41-56/amaweb_www.claudia.mt.gov.br_057.json;/home/jesus/faculdade/grupo-pesquisa/Egov/analize_sites_Egov/webscrap_amaweb/saida_mt/2026-09-20/02-41-56/amaweb_www.claudia.mt.gov.br_057.pdf
58;5103056;Cláudia;Legislativo;Municipal;Câmara Municipal de Cláudia;0.8656999999999999;Ouro;https://www.camaraclaudia.mt.gov.br/;https://www.camaraclaudia.mt.gov.br/;URL exata;Conteúdo institucional avaliado;7.6;7.6;Página Inicial - Câmara Municipal de Cláudia-MT;2026-09-20 06:53:05;1;8;1;1;413;335;51;27;1065;126759;/home/jesus/faculdade/grupo-pesquisa/Egov/analize_sites_Egov/webscrap_amaweb/saida_mt/2026-09-20/02-41-56/amaweb_www.camaraclaudia.mt.gov.br_058.json;/home/jesus/faculdade/grupo-pesquisa/Egov/analize_sites_Egov/webscrap_amaweb/saida_mt/2026-09-20/02-41-56/amaweb_www.camaraclaudia.mt.gov.br_058.pdf
59;5103106;Cocalinho;Executivo;Municipal;Prefeitura Municipal de Cocalinho;0.3961;Básico;https://www.cocalinho.mt.gov.br/;;Sem JSON associado;Sem resultado AMAWeb;;;;;10;;;;;;;;;;;
60;5103106;Cocalinho;Legislativo;Municipal;Câmara Municipal de Cocalinho;0.6684;Intermediário;https://cocalinho.mt.leg.br/;https://cocalinho.mt.leg.br/;URL exata;Conteúdo institucional avaliado;8.1;8.1;Câmara Municipal de Cocalinho - MT;2026-09-20 06:54:31;1;6;1;1;354;288;48;18;1279;279207;/home/jesus/faculdade/grupo-pesquisa/Egov/analize_sites_Egov/webscrap_amaweb/saida_mt/2026-09-20/02-41-56/amaweb_cocalinho.mt.leg.br_060.json;/home/jesus/faculdade/grupo-pesquisa/Egov/analize_sites_Egov/webscrap_amaweb/saida_mt/2026-09-20/02-41-56/amaweb_cocalinho.mt.leg.br_060.pdf
61;5103254;Colniza;Executivo;Municipal;Prefeitura Municipal de Colniza;0.7422;Intermediário;https://colniza.mt.gov.br/#/home;https://colniza.mt.gov.br/#/home;URL exata;Conteúdo institucional avaliado;7.5;7.5;Prefeitura Municipal de Colniza - MT;2026-09-20 06:53:26;1;9;1;0;456;245;186;25;861;117428;/home/jesus/faculdade/grupo-pesquisa/Egov/analize_sites_Egov/webscrap_amaweb/saida_mt/2026-09-20/02-41-56/amaweb_colniza.mt.gov.br_061.json;/home/jesus/faculdade/grupo-pesquisa/Egov/analize_sites_Egov/webscrap_amaweb/saida_mt/2026-09-20/02-41-56/amaweb_colniza.mt.gov.br_061.pdf
62;5103254;Colniza;Legislativo;Municipal;Câmara Municipal de Colniza;0.8256;Elevado;https://www.colniza.mt.leg.br/;https://www.colniza.mt.leg.br/;URL exata;Conteúdo institucional avaliado;7.6;7.6;Página Inicial — Câmara Municipal de Colniza;2026-09-20 06:53:47;1;9;1;1;421;306;104;11;683;77831;/home/jesus/faculdade/grupo-pesquisa/Egov/analize_sites_Egov/webscrap_amaweb/saida_mt/2026-09-20/02-41-56/amaweb_www.colniza.mt.leg.br_062.json;/home/jesus/faculdade/grupo-pesquisa/Egov/analize_sites_Egov/webscrap_amaweb/saida_mt/2026-09-20/02-41-56/amaweb_www.colniza.mt.leg.br_062.pdf
63;5103205;Colíder;Consórcios;Municipal;Consórcio Intermunicipal de Saúde da Região Norte Matogrossense;0.7034999999999999;Intermediário;https://cisrnm.com.br/#/home;https://cisrnm.com.br/#/home;URL exata;Conteúdo institucional avaliado;6.6;6.6;Consórcio Intermunicipal de Saúde Da Região Norte Matogrossense;2026-09-20 06:53:43;1;9;1;0;112;68;41;3;524;40793;/home/jesus/faculdade/grupo-pesquisa/Egov/analize_sites_Egov/webscrap_amaweb/saida_mt/2026-09-20/02-41-56/amaweb_cisrnm.com.br_063.json;/home/jesus/faculdade/grupo-pesquisa/Egov/analize_sites_Egov/webscrap_amaweb/saida_mt/2026-09-20/02-41-56/amaweb_cisrnm.com.br_063.pdf
64;5103205;Colíder;Executivo;Municipal;Prefeitura Municipal de Colíder;0.9551000000000001;Diamante;https://www.colider.mt.gov.br/;https://www.colider.mt.gov.br/;URL exata;Conteúdo institucional avaliado;7.5;7.5;Página Inicial - Prefeitura de Colíder;2026-09-20 06:54:19;1;10;1;1;530;361;104;65;1495;276131;/home/jesus/faculdade/grupo-pesquisa/Egov/analize_sites_Egov/webscrap_amaweb/saida_mt/2026-09-20/02-41-56/amaweb_www.colider.mt.gov.br_064.json;/home/jesus/faculdade/grupo-pesquisa/Egov/analize_sites_Egov/webscrap_amaweb/saida_mt/2026-09-20/02-41-56/amaweb_www.colider.mt.gov.br_064.pdf
65;5103205;Colíder;Legislativo;Municipal;Câmara Municipal de Colíder;0.9586;Diamante;https://www.camaracolider.mt.gov.br/;https://www.camaracolider.mt.gov.br/;URL exata;Conteúdo institucional avaliado;7.1;7.1;Página Inicial - Câmara Municipal de Colíder - Mato Grosso;2026-09-20 06:54:33;1;7;2;1;648;550;46;52;1122;120995;/home/jesus/faculdade/grupo-pesquisa/Egov/analize_sites_Egov/webscrap_amaweb/saida_mt/2026-09-20/02-41-56/amaweb_www.camaracolider.mt.gov.br_065.json;/home/jesus/faculdade/grupo-pesquisa/Egov/analize_sites_Egov/webscrap_amaweb/saida_mt/2026-09-20/02-41-56/amaweb_www.camaracolider.mt.gov.br_065.pdf
66;5103304;Comodoro;Executivo;Municipal;Prefeitura Municipal de Comodoro;0.5956;Intermediário;https://www.comodoro.mt.gov.br/;https://www.comodoro.mt.gov.br/;URL exata;Conteúdo institucional avaliado;6.9;6.9;Página Inicial - Prefeitura de Comodoro Comodoro - MT;2026-09-20 06:54:56;1;10;1;0;421;282;70;69;1526;308291;/home/jesus/faculdade/grupo-pesquisa/Egov/analize_sites_Egov/webscrap_amaweb/saida_mt/2026-09-20/02-41-56/amaweb_www.comodoro.mt.gov.br_066.json;/home/jesus/faculdade/grupo-pesquisa/Egov/analize_sites_Egov/webscrap_amaweb/saida_mt/2026-09-20/02-41-56/amaweb_www.comodoro.mt.gov.br_066.pdf
67;5103304;Comodoro;Legislativo;Municipal;Câmara Municipal de Comodoro;0.6886;Intermediário;https://www.comodoro.mt.leg.br/;https://www.comodoro.mt.leg.br/;URL exata;Conteúdo institucional avaliado;7.9;7.9;Página Inicial — Câmara Municipal de Comodoro;2026-09-20 06:54:52;1;6;1;1;525;311;194;20;816;97605;/home/jesus/faculdade/grupo-pesquisa/Egov/analize_sites_Egov/webscrap_amaweb/saida_mt/2026-09-20/02-41-56/amaweb_www.comodoro.mt.leg.br_067.json;/home/jesus/faculdade/grupo-pesquisa/Egov/analize_sites_Egov/webscrap_amaweb/saida_mt/2026-09-20/02-41-56/amaweb_www.comodoro.mt.leg.br_067.pdf
68;5103353;Confresa;Consórcios;Municipal;Consórcio Intermunicipal de Saúde do Araguaia e Xingu;0.1091;Inicial;https://portal.cisax-mt.agilicloud.com.br/;https://portal.cisax-mt.agilicloud.com.br/;URL exata;Conteúdo institucional avaliado;4.7;4.7;ÁGILI Cidade Digital®;2026-09-20 06:54:53;1;13;1;0;285;82;196;7;762;98345;/home/jesus/faculdade/grupo-pesquisa/Egov/analize_sites_Egov/webscrap_amaweb/saida_mt/2026-09-20/02-41-56/amaweb_portal.cisax-mt.agilicloud.com.br_068.json;/home/jesus/faculdade/grupo-pesquisa/Egov/analize_sites_Egov/webscrap_amaweb/saida_mt/2026-09-20/02-41-56/amaweb_portal.cisax-mt.agilicloud.com.br_068.pdf
69;5103353;Confresa;Executivo;Municipal;Prefeitura Municipal de Confresa;0.5201;Intermediário;https://www.confresa.org/;https://www.confresa.org/lander;URL exata;Conteúdo institucional avaliado;8.2;8.2;;2026-09-20 06:55:07;1;3;0;0;43;41;2;0;59;13498;/home/jesus/faculdade/grupo-pesquisa/Egov/analize_sites_Egov/webscrap_amaweb/saida_mt/2026-09-20/02-41-56/amaweb_www.confresa.org_069.json;/home/jesus/faculdade/grupo-pesquisa/Egov/analize_sites_Egov/webscrap_amaweb/saida_mt/2026-09-20/02-41-56/amaweb_www.confresa.org_069.pdf
70;5103353;Confresa;Legislativo;Municipal;Câmara Municipal de Confresa;0.7731;Elevado;https://www.confresa.mt.leg.br/;;Sem JSON associado;Sem resultado AMAWeb;;;;;10;;;;;;;;;;;
71;5103361;Conquista D'Oeste;Executivo;Municipal;Prefeitura Municipal de Conquista D'Oeste;0.7291;Intermediário;https://www.conquistadoeste.mt.gov.br/;https://www.conquistadoeste.mt.gov.br/;URL exata;Conteúdo institucional avaliado;9.2;9.2;Prefeitura Municipal de Conquista D'Oeste - MT;2026-09-20 06:55:36;1;2;1;0;343;242;87;14;1435;309040;/home/jesus/faculdade/grupo-pesquisa/Egov/analize_sites_Egov/webscrap_amaweb/saida_mt/2026-09-20/02-41-56/amaweb_www.conquistadoeste.mt.gov.br_071.json;/home/jesus/faculdade/grupo-pesquisa/Egov/analize_sites_Egov/webscrap_amaweb/saida_mt/2026-09-20/02-41-56/amaweb_www.conquistadoeste.mt.gov.br_071.pdf
72;5103361;Conquista D'Oeste;Legislativo;Municipal;Câmara Municipal de Conquista D'Oeste;0.9728;Diamante;https://www.conquistadoeste.mt.leg.br;https://www.conquistadoeste.mt.leg.br/;URL exata;Conteúdo institucional avaliado;8.1;8.1;Página Inicial — Câmara Municipal;2026-09-20 06:55:29;1;6;1;0;421;278;130;13;613;69548;/home/jesus/faculdade/grupo-pesquisa/Egov/analize_sites_Egov/webscrap_amaweb/saida_mt/2026-09-20/02-41-56/amaweb_www.conquistadoeste.mt.leg.br_072.json;/home/jesus/faculdade/grupo-pesquisa/Egov/analize_sites_Egov/webscrap_amaweb/saida_mt/2026-09-20/02-41-56/amaweb_www.conquistadoeste.mt.leg.br_072.pdf
73;5103379;Cotriguaçu;Executivo;Municipal;Prefeitura Municipal de Cotriguaçu;0.8698;Ouro;https://www.cotriguacu.mt.gov.br/;https://www.cotriguacu.mt.gov.br/;URL exata;Bloqueio Cloudflare;9.6;;Access denied | www.cotriguacu.mt.gov.br used Cloudflare to restrict access | www.cotriguacu.mt.gov.br | Cloudflare;2026-09-20 06:55:39;1;0;1;0;61;30;28;3;49;6646;/home/jesus/faculdade/grupo-pesquisa/Egov/analize_sites_Egov/webscrap_amaweb/saida_mt/2026-09-20/02-41-56/amaweb_www.cotriguacu.mt.gov.br_073.json;/home/jesus/faculdade/grupo-pesquisa/Egov/analize_sites_Egov/webscrap_amaweb/saida_mt/2026-09-20/02-41-56/amaweb_www.cotriguacu.mt.gov.br_073.pdf
74;5103379;Cotriguaçu;Legislativo;Municipal;Câmara Municipal de Cotriguaçu;0.6686;Intermediário;https://www.cotriguacu.mt.leg.br/;https://www.cotriguacu.mt.leg.br/;URL exata;Conteúdo institucional avaliado;8.4;8.4;Página Inicial — Câmara Municipal de Cotriguaçu;2026-09-20 06:55:57;1;6;1;0;482;399;66;17;709;73052;/home/jesus/faculdade/grupo-pesquisa/Egov/analize_sites_Egov/webscrap_amaweb/saida_mt/2026-09-20/02-41-56/amaweb_www.cotriguacu.mt.leg.br_074.json;/home/jesus/faculdade/grupo-pesquisa/Egov/analize_sites_Egov/webscrap_amaweb/saida_mt/2026-09-20/02-41-56/amaweb_www.cotriguacu.mt.leg.br_074.pdf
75;5103403;Cuiabá;Consórcios;Municipal;Consórcio Intermunicipal de Desenvolvimento Econômico e Social do Vale do Rio Cuiabá;0.0541;Inicial;https://www.consorciovaledoriocuiaba.com.br;https://www.consorciovaledoriocuiaba.com.br/;URL exata;Conteúdo institucional avaliado;7.0;7.0;Consórcio Vale do Rio Cuiabá – Consórcio Intermunicipal de Desenvolvimento Econômico e Social Vale do Rio Cuiabá;2026-09-20 06:56:23;1;7;4;1;819;524;241;54;1693;375355;/home/jesus/faculdade/grupo-pesquisa/Egov/analize_sites_Egov/webscrap_amaweb/saida_mt/2026-09-20/02-41-56/amaweb_www.consorciovaledoriocuiaba.com.br_075.json;/home/jesus/faculdade/grupo-pesquisa/Egov/analize_sites_Egov/webscrap_amaweb/saida_mt/2026-09-20/02-41-56/amaweb_www.consorciovaledoriocuiaba.com.br_075.pdf
76;5103403;Cuiabá;Consórcios;Municipal;Consórcio Intermunicipal de Saúde Vale do Rio Cuiabá;0.3629;Básico;https://www.cisvarc.com.br/;;Sem JSON associado;Sem resultado AMAWeb;;;;;10;;;;;;;;;;;
77;5103403;Cuiabá;Consórcios;Municipal;Consórcio Público Intermunicipal de Gestão dos Regimes Próprios de Previdência Social dos Municípios Mato-Grossenses;0.36229999999999996;Básico;https://www.consprev.com.br/;https://www.consprev.com.br/;URL exata;Conteúdo institucional avaliado;8.2;8.2;Página Inicial - Consórcio de CONSPREV;2026-09-20 06:56:25;1;4;3;1;379;254;40;85;731;106263;/home/jesus/faculdade/grupo-pesquisa/Egov/analize_sites_Egov/webscrap_amaweb/saida_mt/2026-09-20/02-41-56/amaweb_www.consprev.com.br_077.json;/home/jesus/faculdade/grupo-pesquisa/Egov/analize_sites_Egov/webscrap_amaweb/saida_mt/2026-09-20/02-41-56/amaweb_www.consprev.com.br_077.pdf
78;5103403;Cuiabá;Defensoria Pública;Estadual;Defensoria Pública do Estado de Mato Grosso;0.9727;Diamante;https://www.defensoria.mt.def.br/dpmt/portal/;https://www.defensoria.mt.def.br/dpmt/portal/;URL exata;Conteúdo institucional avaliado;7.0;7.0;DPEMT - Home;2026-09-20 06:57:37;1;10;2;1;427;225;182;20;1266;497586;/home/jesus/faculdade/grupo-pesquisa/Egov/analize_sites_Egov/webscrap_amaweb/saida_mt/2026-09-20/02-41-56/amaweb_www.defensoria.mt.def.br_078.json;/home/jesus/faculdade/grupo-pesquisa/Egov/analize_sites_Egov/webscrap_amaweb/saida_mt/2026-09-20/02-41-56/amaweb_www.defensoria.mt.def.br_078.pdf
79;5103403;Cuiabá;Estatais Dependentes;Estadual;METAMAT - Companhia Mato-Grossense de Mineração;0.41090000000000004;Básico;https://www.metamat.mt.gov.br/;https://www.metamat.mt.gov.br/;URL exata;Conteúdo institucional avaliado;10.0;10.0;METAMAT;2026-09-20 06:56:51;1;0;0;0;338;313;14;11;480;105579;/home/jesus/faculdade/grupo-pesquisa/Egov/analize_sites_Egov/webscrap_amaweb/saida_mt/2026-09-20/02-41-56/amaweb_www.metamat.mt.gov.br_079.json;/home/jesus/faculdade/grupo-pesquisa/Egov/analize_sites_Egov/webscrap_amaweb/saida_mt/2026-09-20/02-41-56/amaweb_www.metamat.mt.gov.br_079.pdf
80;5103403;Cuiabá;Estatais Dependentes;Estadual;MTI - Empresa Mato-Grossense de Tecnologia da Informação;0.9098;Ouro;https://www.mti.mt.gov.br/;https://www.mti.mt.gov.br/;URL exata;Conteúdo institucional avaliado;10.0;10.0;MTI;2026-09-20 06:56:55;1;0;0;0;384;364;8;12;563;131353;/home/jesus/faculdade/grupo-pesquisa/Egov/analize_sites_Egov/webscrap_amaweb/saida_mt/2026-09-20/02-41-56/amaweb_www.mti.mt.gov.br_080.json;/home/jesus/faculdade/grupo-pesquisa/Egov/analize_sites_Egov/webscrap_amaweb/saida_mt/2026-09-20/02-41-56/amaweb_www.mti.mt.gov.br_080.pdf
81;5103403;Cuiabá;Estatais Dependentes;Estadual;MTPAR - MT Participações e Projetos S/A;0.4288;Básico;https://www.mtpar.mt.gov.br/;https://www.mtpar.mt.gov.br/;URL exata;Conteúdo institucional avaliado;8.2;8.2;MTPAR | MT Participações e Projetos S.A | Avenida Dr. Hélio Ribeiro, Nº 525, Edifício Helbor Dual Business - 5º Andar. Cuiabá - Mato Grosso;2026-09-20 06:57:35;1;7;1;2;583;525;49;9;719;1347852;/home/jesus/faculdade/grupo-pesquisa/Egov/analize_sites_Egov/webscrap_amaweb/saida_mt/2026-09-20/02-41-56/amaweb_www.mtpar.mt.gov.br_081.json;/home/jesus/faculdade/grupo-pesquisa/Egov/analize_sites_Egov/webscrap_amaweb/saida_mt/2026-09-20/02-41-56/amaweb_www.mtpar.mt.gov.br_081.pdf
82;5103403;Cuiabá;Estatais Independentes;Estadual;Agência de Fomento do Estado de Mato Grosso S.A - MT Fomento;0.9277;Ouro;https://www.desenvolve.mt.gov.br/;https://desenvolve.mt.gov.br/;URL exata;Conteúdo institucional avaliado;6.9;6.9;Desenvolve MT | Desenvolve MT;2026-09-20 06:57:39;1;8;4;1;741;549;137;55;1682;236394;/home/jesus/faculdade/grupo-pesquisa/Egov/analize_sites_Egov/webscrap_amaweb/saida_mt/2026-09-20/02-41-56/amaweb_www.desenvolve.mt.gov.br_082.json;/home/jesus/faculdade/grupo-pesquisa/Egov/analize_sites_Egov/webscrap_amaweb/saida_mt/2026-09-20/02-41-56/amaweb_www.desenvolve.mt.gov.br_082.pdf
83;5103403;Cuiabá;Estatais Independentes;Estadual;Companhia Mato-Grossense de Gás - MTGás;0.21359999999999998;Inicial;https://mtgas.com.br/;https://mtgas.com.br/;URL exata;Conteúdo institucional avaliado;7.4;7.4;MTGÁS Companhia Mato-grossense de Gás – R. Eng. Endereço: Rua Edgar Prado Arze, 297 – Centro Político Administrativo;2026-09-20 06:58:22;1;8;0;2;817;734;69;14;2213;363159;/home/jesus/faculdade/grupo-pesquisa/Egov/analize_sites_Egov/webscrap_amaweb/saida_mt/2026-09-20/02-41-56/amaweb_mtgas.com.br_083.json;/home/jesus/faculdade/grupo-pesquisa/Egov/analize_sites_Egov/webscrap_amaweb/saida_mt/2026-09-20/02-41-56/amaweb_mtgas.com.br_083.pdf
84;5103403;Cuiabá;Executivo;Estadual;Governo do Estado de Mato Grosso;0.9528;Diamante;https://portal.mt.gov.br/;https://portal.mt.gov.br/#error=login_required&state=12bb40a2-3de8-4832-8ecf-9c849e59c0c6;URL exata;Conteúdo institucional avaliado;10.0;10.0;Portal do Governo de Mato Grosso;2026-09-20 06:59:02;1;0;0;0;801;759;4;38;1115;16040810;/home/jesus/faculdade/grupo-pesquisa/Egov/analize_sites_Egov/webscrap_amaweb/saida_mt/2026-09-20/02-41-56/amaweb_portal.mt.gov.br_084.json;/home/jesus/faculdade/grupo-pesquisa/Egov/analize_sites_Egov/webscrap_amaweb/saida_mt/2026-09-20/02-41-56/amaweb_portal.mt.gov.br_084.pdf
85;5103403;Cuiabá;Executivo;Municipal;Prefeitura Municipal de Cuiabá;0.9224;Ouro;https://www.cuiaba.mt.gov.br/;https://www.cuiaba.mt.gov.br/;URL exata;Conteúdo institucional avaliado;8.0;8.0;Prefeitura de Cuiabá;2026-09-20 06:58:06;1;6;2;0;545;461;65;19;700;85404;/home/jesus/faculdade/grupo-pesquisa/Egov/analize_sites_Egov/webscrap_amaweb/saida_mt/2026-09-20/02-41-56/amaweb_www.cuiaba.mt.gov.br_085.json;/home/jesus/faculdade/grupo-pesquisa/Egov/analize_sites_Egov/webscrap_amaweb/saida_mt/2026-09-20/02-41-56/amaweb_www.cuiaba.mt.gov.br_085.pdf
86;5103403;Cuiabá;Judiciário;Estadual;Tribunal de Justiça do Estado de Mato Grosso;0.9506;Diamante;https://www.tjmt.jus.br/;https://www.tjmt.jus.br/;URL exata;Conteúdo institucional avaliado;9.9;9.9;Poder Judiciário do Estado de Mato Grosso;2026-09-20 07:00:03;1;0;0;0;920;904;1;15;1227;458710;/home/jesus/faculdade/grupo-pesquisa/Egov/analize_sites_Egov/webscrap_amaweb/saida_mt/2026-09-20/02-41-56/amaweb_www.tjmt.jus.br_086.json;/home/jesus/faculdade/grupo-pesquisa/Egov/analize_sites_Egov/webscrap_amaweb/saida_mt/2026-09-20/02-41-56/amaweb_www.tjmt.jus.br_086.pdf
87;5103403;Cuiabá;Legislativo;Estadual;Assembleia Legislativa do Estado de Mato Grosso;0.9712999999999999;Diamante;https://www.al.mt.gov.br/;https://www.al.mt.gov.br/;URL exata;Conteúdo institucional avaliado;8.6;8.6;Assembleia Legislativa do Estado de Mato Grosso;2026-09-20 06:58:53;1;5;1;1;241;186;29;26;818;95094;/home/jesus/faculdade/grupo-pesquisa/Egov/analize_sites_Egov/webscrap_amaweb/saida_mt/2026-09-20/02-41-56/amaweb_www.al.mt.gov.br_087.json;/home/jesus/faculdade/grupo-pesquisa/Egov/analize_sites_Egov/webscrap_amaweb/saida_mt/2026-09-20/02-41-56/amaweb_www.al.mt.gov.br_087.pdf
88;5103403;Cuiabá;Legislativo;Municipal;Câmara Municipal de Cuiabá;0.9124;Ouro;https://www.camaracuiaba.mt.gov.br/;https://www.camaracuiaba.mt.gov.br/;URL exata;Conteúdo institucional avaliado;9.8;9.8;Câmara Municipal de Cuiabá;2026-09-20 06:59:52;1;2;0;0;1055;912;21;122;2311;222702;/home/jesus/faculdade/grupo-pesquisa/Egov/analize_sites_Egov/webscrap_amaweb/saida_mt/2026-09-20/02-41-56/amaweb_www.camaracuiaba.mt.gov.br_088.json;/home/jesus/faculdade/grupo-pesquisa/Egov/analize_sites_Egov/webscrap_amaweb/saida_mt/2026-09-20/02-41-56/amaweb_www.camaracuiaba.mt.gov.br_088.pdf
89;5103403;Cuiabá;Ministério Público;Estadual;Ministério Público do Estado de Mato Grosso;0.9712000000000001;Diamante;https://www.mpmt.mp.br/;https://www.mpmt.mp.br/;URL exata;Conteúdo institucional avaliado;6.0;6.0;Ministério Público do Estado de Mato Grosso;2026-09-20 07:00:24;1;13;2;0;340;101;220;19;912;75449;/home/jesus/faculdade/grupo-pesquisa/Egov/analize_sites_Egov/webscrap_amaweb/saida_mt/2026-09-20/02-41-56/amaweb_www.mpmt.mp.br_089.json;/home/jesus/faculdade/grupo-pesquisa/Egov/analize_sites_Egov/webscrap_amaweb/saida_mt/2026-09-20/02-41-56/amaweb_www.mpmt.mp.br_089.pdf
90;5103403;Cuiabá;Tribunal de Contas;Estadual;Tribunal de Contas do Estado de Mato Grosso;0.9523999999999999;Diamante;https://www.tce.mt.gov.br/;https://www.tce.mt.gov.br/;URL exata;Conteúdo institucional avaliado;9.5;9.5;Portal do TCE-MT - Portal do TCE;2026-09-20 07:00:53;1;2;1;0;1557;1479;49;29;1335;368996;/home/jesus/faculdade/grupo-pesquisa/Egov/analize_sites_Egov/webscrap_amaweb/saida_mt/2026-09-20/02-41-56/amaweb_www.tce.mt.gov.br_090.json;/home/jesus/faculdade/grupo-pesquisa/Egov/analize_sites_Egov/webscrap_amaweb/saida_mt/2026-09-20/02-41-56/amaweb_www.tce.mt.gov.br_090.pdf
91;5103437;Curvelândia;Executivo;Municipal;Prefeitura Municipal de Curvelândia;0.9369;Ouro;https://www.curvelandia.mt.gov.br/;https://www.curvelandia.mt.gov.br/;URL exata;Bloqueio Cloudflare;9.6;;Access denied | www.curvelandia.mt.gov.br used Cloudflare to restrict access | www.curvelandia.mt.gov.br | Cloudflare;2026-09-20 07:00:17;1;0;1;0;61;30;28;3;51;7708;/home/jesus/faculdade/grupo-pesquisa/Egov/analize_sites_Egov/webscrap_amaweb/saida_mt/2026-09-20/02-41-56/amaweb_www.curvelandia.mt.gov.br_091.json;/home/jesus/faculdade/grupo-pesquisa/Egov/analize_sites_Egov/webscrap_amaweb/saida_mt/2026-09-20/02-41-56/amaweb_www.curvelandia.mt.gov.br_091.pdf
92;5103437;Curvelândia;Legislativo;Municipal;Câmara Municipal de Curvelândia;0.9587;Diamante;https://curvelandia.mt.leg.br/;https://curvelandia.mt.leg.br/;URL exata;Bloqueio Cloudflare;9.6;;Access denied | curvelandia.mt.leg.br used Cloudflare to restrict access | curvelandia.mt.leg.br | Cloudflare;2026-09-20 08:06:48;2;0;1;0;61;30;28;3;51;7696;/home/jesus/faculdade/grupo-pesquisa/Egov/analize_sites_Egov/webscrap_amaweb/saida_mt/2026-09-20/04-02-24/amaweb_curvelandia.mt.leg.br_019.json;/home/jesus/faculdade/grupo-pesquisa/Egov/analize_sites_Egov/webscrap_amaweb/saida_mt/2026-09-20/04-02-24/amaweb_curvelandia.mt.leg.br_019.pdf
93;5102504;Cáceres;Executivo;Municipal;Prefeitura Municipal de Cáceres;0.9307;Ouro;https://www.caceres.mt.gov.br/;https://www.caceres.mt.gov.br/;URL exata;Conteúdo institucional avaliado;8.0;8.0;Página Inicial - Prefeitura Municipal de Cáceres;2026-09-20 07:01:00;1;7;2;0;855;666;106;83;1669;251832;/home/jesus/faculdade/grupo-pesquisa/Egov/analize_sites_Egov/webscrap_amaweb/saida_mt/2026-09-20/02-41-56/amaweb_www.caceres.mt.gov.br_093.json;/home/jesus/faculdade/grupo-pesquisa/Egov/analize_sites_Egov/webscrap_amaweb/saida_mt/2026-09-20/02-41-56/amaweb_www.caceres.mt.gov.br_093.pdf
94;5102504;Cáceres;Legislativo;Municipal;Câmara Municipal de Cáceres;0.9952;Diamante;https://www.caceres.mt.leg.br/;https://www.caceres.mt.leg.br/;URL exata;Conteúdo institucional avaliado;8.4;8.4;Página Inicial — Câmara Municipal de Cáceres;2026-09-20 07:02:04;1;7;1;0;441;380;43;18;1418;187409;/home/jesus/faculdade/grupo-pesquisa/Egov/analize_sites_Egov/webscrap_amaweb/saida_mt/2026-09-20/02-41-56/amaweb_www.caceres.mt.leg.br_094.json;/home/jesus/faculdade/grupo-pesquisa/Egov/analize_sites_Egov/webscrap_amaweb/saida_mt/2026-09-20/02-41-56/amaweb_www.caceres.mt.leg.br_094.pdf
95;5103452;Denise;Executivo;Municipal;Prefeitura Municipal de Denise;0.5793;Intermediário;https://www.denise.mt.gov.br/;https://www.denise.mt.gov.br/;URL exata;Bloqueio Cloudflare;9.6;;Access denied | www.denise.mt.gov.br used Cloudflare to restrict access | www.denise.mt.gov.br | Cloudflare;2026-09-20 07:01:14;1;0;1;0;61;30;28;3;49;6634;/home/jesus/faculdade/grupo-pesquisa/Egov/analize_sites_Egov/webscrap_amaweb/saida_mt/2026-09-20/02-41-56/amaweb_www.denise.mt.gov.br_095.json;/home/jesus/faculdade/grupo-pesquisa/Egov/analize_sites_Egov/webscrap_amaweb/saida_mt/2026-09-20/02-41-56/amaweb_www.denise.mt.gov.br_095.pdf
96;5103452;Denise;Legislativo;Municipal;Câmara Municipal de Denise;0.5031;Intermediário;https://www.denise.mt.leg.br/;https://www.denise.mt.leg.br/;URL exata;Conteúdo institucional avaliado;6.3;6.3;Câmara Municipal de Denise;2026-09-20 07:02:07;1;9;1;1;190;77;96;17;574;56505;/home/jesus/faculdade/grupo-pesquisa/Egov/analize_sites_Egov/webscrap_amaweb/saida_mt/2026-09-20/02-41-56/amaweb_www.denise.mt.leg.br_096.json;/home/jesus/faculdade/grupo-pesquisa/Egov/analize_sites_Egov/webscrap_amaweb/saida_mt/2026-09-20/02-41-56/amaweb_www.denise.mt.leg.br_096.pdf
97;5103502;Diamantino;Consórcios;Municipal;Consórcio Intermunicipal de Saúde da Região Centro Norte do Estado;0.1778;Inicial;https://www.ciscn.com.br/#/home;https://www.ciscn.com.br/#/home;URL exata;Conteúdo institucional avaliado;5.1;5.1;Consórcio Intermunicipal de Saúde Da Região Norte Matogrossense;2026-09-20 07:02:20;1;7;1;0;65;28;35;2;372;31418;/home/jesus/faculdade/grupo-pesquisa/Egov/analize_sites_Egov/webscrap_amaweb/saida_mt/2026-09-20/02-41-56/amaweb_www.ciscn.com.br_097.json;/home/jesus/faculdade/grupo-pesquisa/Egov/analize_sites_Egov/webscrap_amaweb/saida_mt/2026-09-20/02-41-56/amaweb_www.ciscn.com.br_097.pdf
98;5103502;Diamantino;Executivo;Municipal;Prefeitura Municipal de Diamantino;0.8222;Elevado;https://www.diamantino.mt.gov.br/;https://www.diamantino.mt.gov.br/;URL exata;Conteúdo institucional avaliado;7.2;7.2;Página Principal - Prefeitura de Diamantino;2026-09-20 07:02:43;1;8;2;0;402;274;100;28;1362;296876;/home/jesus/faculdade/grupo-pesquisa/Egov/analize_sites_Egov/webscrap_amaweb/saida_mt/2026-09-20/02-41-56/amaweb_www.diamantino.mt.gov.br_098.json;/home/jesus/faculdade/grupo-pesquisa/Egov/analize_sites_Egov/webscrap_amaweb/saida_mt/2026-09-20/02-41-56/amaweb_www.diamantino.mt.gov.br_098.pdf
99;5103502;Diamantino;Legislativo;Municipal;Câmara Municipal de Diamantino;0.987;Diamante;https://www.diamantino.mt.leg.br/;https://www.diamantino.mt.leg.br/;URL exata;Conteúdo institucional avaliado;7.7;7.7;Página Inicial — Câmara Municipal de Diamantino;2026-09-20 08:07:11;2;8;0;0;420;349;49;22;744;81847;/home/jesus/faculdade/grupo-pesquisa/Egov/analize_sites_Egov/webscrap_amaweb/saida_mt/2026-09-20/04-02-24/amaweb_www.diamantino.mt.leg.br_020.json;/home/jesus/faculdade/grupo-pesquisa/Egov/analize_sites_Egov/webscrap_amaweb/saida_mt/2026-09-20/04-02-24/amaweb_www.diamantino.mt.leg.br_020.pdf
100;5103601;Dom Aquino;Executivo;Municipal;Prefeitura Municipal de Dom Aquino;0.8862000000000001;Ouro;https://www.domaquino.mt.gov.br/;https://www.domaquino.mt.gov.br/;URL exata;Conteúdo institucional avaliado;6.8;6.8;Prefeitura Municipal de Dom Aquino;2026-09-20 07:02:38;1;9;1;1;278;211;56;11;736;89932;/home/jesus/faculdade/grupo-pesquisa/Egov/analize_sites_Egov/webscrap_amaweb/saida_mt/2026-09-20/02-41-56/amaweb_www.domaquino.mt.gov.br_100.json;/home/jesus/faculdade/grupo-pesquisa/Egov/analize_sites_Egov/webscrap_amaweb/saida_mt/2026-09-20/02-41-56/amaweb_www.domaquino.mt.gov.br_100.pdf
101;5103601;Dom Aquino;Legislativo;Municipal;Câmara Municipal de Dom Aquino;0.7644;Elevado;https://domaquino.oxy.elotech.com.br/portaltransparencia/3/;https://domaquino.oxy.elotech.com.br/portaltransparencia/3/;URL exata;Conteúdo institucional avaliado;6.0;6.0;Portal Transparência;2026-09-20 07:03:08;1;8;3;1;190;88;92;10;32;30784;/home/jesus/faculdade/grupo-pesquisa/Egov/analize_sites_Egov/webscrap_amaweb/saida_mt/2026-09-20/02-41-56/amaweb_domaquino.oxy.elotech.com.br_101.json;/home/jesus/faculdade/grupo-pesquisa/Egov/analize_sites_Egov/webscrap_amaweb/saida_mt/2026-09-20/02-41-56/amaweb_domaquino.oxy.elotech.com.br_101.pdf
102;5103700;Feliz Natal;Executivo;Municipal;Prefeitura Municipal de Feliz Natal;0.7182;Intermediário;https://www.feliznatal.mt.gov.br/home;https://www.feliznatal.mt.gov.br/home;URL exata;Conteúdo institucional avaliado;6.3;6.3;Prefeitura de Feliz Natal;2026-09-20 07:03:06;1;9;1;0;308;131;176;1;839;145595;/home/jesus/faculdade/grupo-pesquisa/Egov/analize_sites_Egov/webscrap_amaweb/saida_mt/2026-09-20/02-41-56/amaweb_www.feliznatal.mt.gov.br_102.json;/home/jesus/faculdade/grupo-pesquisa/Egov/analize_sites_Egov/webscrap_amaweb/saida_mt/2026-09-20/02-41-56/amaweb_www.feliznatal.mt.gov.br_102.pdf
103;5103700;Feliz Natal;Legislativo;Municipal;Câmara Municipal de Feliz Natal;0.6809000000000001;Intermediário;https://www.feliznatal.mt.leg.br/;https://www.feliznatal.mt.leg.br/;URL exata;Conteúdo institucional avaliado;8.5;8.5;Home — Câmara Municipal de Feliz Natal;2026-09-20 08:07:19;2;4;1;1;376;281;67;28;632;78311;/home/jesus/faculdade/grupo-pesquisa/Egov/analize_sites_Egov/webscrap_amaweb/saida_mt/2026-09-20/04-02-24/amaweb_www.feliznatal.mt.leg.br_021.json;/home/jesus/faculdade/grupo-pesquisa/Egov/analize_sites_Egov/webscrap_amaweb/saida_mt/2026-09-20/04-02-24/amaweb_www.feliznatal.mt.leg.br_021.pdf
104;5103809;Figueirópolis D'Oeste;Executivo;Municipal;Prefeitura Municipal de Figueirópolis D'Oeste;0.9634;Diamante;https://figueiropolisdoeste.mt.gov.br/;https://figueiropolisdoeste.mt.gov.br/;URL exata;Conteúdo institucional avaliado;6.6;6.6;Prefeitura Municipal de Figueirópolis d' Oeste-MT;2026-09-20 07:03:34;1;11;1;1;581;227;318;36;939;141090;/home/jesus/faculdade/grupo-pesquisa/Egov/analize_sites_Egov/webscrap_amaweb/saida_mt/2026-09-20/02-41-56/amaweb_figueiropolisdoeste.mt.gov.br_104.json;/home/jesus/faculdade/grupo-pesquisa/Egov/analize_sites_Egov/webscrap_amaweb/saida_mt/2026-09-20/02-41-56/amaweb_figueiropolisdoeste.mt.gov.br_104.pdf
105;5103809;Figueirópolis D'Oeste;Legislativo;Municipal;Câmara Municipal de Figueirópolis D'Oeste;0.8172;Elevado;https://figueiropolisdoeste.mt.leg.br/;https://figueiropolisdoeste.mt.leg.br/;URL exata;Bloqueio Cloudflare;9.6;;Access denied | figueiropolisdoeste.mt.leg.br used Cloudflare to restrict access | figueiropolisdoeste.mt.leg.br | Cloudflare;2026-09-20 07:03:46;1;0;1;0;61;30;28;3;49;6661;/home/jesus/faculdade/grupo-pesquisa/Egov/analize_sites_Egov/webscrap_amaweb/saida_mt/2026-09-20/02-41-56/amaweb_figueiropolisdoeste.mt.leg.br_105.json;/home/jesus/faculdade/grupo-pesquisa/Egov/analize_sites_Egov/webscrap_amaweb/saida_mt/2026-09-20/02-41-56/amaweb_figueiropolisdoeste.mt.leg.br_105.pdf
106;5103858;Gaúcha do Norte;Executivo;Municipal;Prefeitura Municipal de Gaúcha do Norte;0.652;Intermediário;https://www.gauchadonorte.mt.gov.br/;https://www.gauchadonorte.mt.gov.br/;URL exata;Conteúdo institucional avaliado;8.0;8.0;Prefeitura Municipal de Gaúcha do Norte MT;2026-09-20 07:04:04;1;6;1;0;522;310;179;33;486;151362;/home/jesus/faculdade/grupo-pesquisa/Egov/analize_sites_Egov/webscrap_amaweb/saida_mt/2026-09-20/02-41-56/amaweb_www.gauchadonorte.mt.gov.br_106.json;/home/jesus/faculdade/grupo-pesquisa/Egov/analize_sites_Egov/webscrap_amaweb/saida_mt/2026-09-20/02-41-56/amaweb_www.gauchadonorte.mt.gov.br_106.pdf
107;5103858;Gaúcha do Norte;Legislativo;Municipal;Câmara Municipal de Gaúcha do Norte;0.31120000000000003;Básico;https://www.gauchadonorte.mt.leg.br/;https://www.gauchadonorte.mt.leg.br/;URL exata;Conteúdo institucional avaliado;7.9;7.9;Câmara de Vereadores de Gaúcha do Norte;2026-09-20 07:04:21;1;6;1;0;344;176;143;25;695;102493;/home/jesus/faculdade/grupo-pesquisa/Egov/analize_sites_Egov/webscrap_amaweb/saida_mt/2026-09-20/02-41-56/amaweb_www.gauchadonorte.mt.leg.br_107.json;/home/jesus/faculdade/grupo-pesquisa/Egov/analize_sites_Egov/webscrap_amaweb/saida_mt/2026-09-20/02-41-56/amaweb_www.gauchadonorte.mt.leg.br_107.pdf
108;5103908;General Carneiro;Executivo;Municipal;Prefeitura Municipal de General Carneiro;0.7039;Intermediário;https://www.generalcarneiro.mt.gov.br/;;Sem JSON associado;Sem resultado AMAWeb;;;;;10;;;;;;;;;;;
109;5103908;General Carneiro;Legislativo;Municipal;Câmara Municipal de General Carneiro;0.6065;Intermediário;http://www.camarageneralcarneiro.mt.gov.br/;https://camarageneralcarneiro.mt.gov.br/;URL exata;Conteúdo institucional avaliado;8.5;8.5;Câmara Municipal de General Carneiro – MT – A casa do povo Generalcarneirense;2026-09-20 07:05:25;1;4;0;0;202;188;6;8;314;126215;/home/jesus/faculdade/grupo-pesquisa/Egov/analize_sites_Egov/webscrap_amaweb/saida_mt/2026-09-20/02-41-56/amaweb_www.camarageneralcarneiro.mt.gov.br_109.json;/home/jesus/faculdade/grupo-pesquisa/Egov/analize_sites_Egov/webscrap_amaweb/saida_mt/2026-09-20/02-41-56/amaweb_www.camarageneralcarneiro.mt.gov.br_109.pdf
110;5103957;Glória D'Oeste;Executivo;Municipal;Prefeitura Municipal de Glória D'Oeste;0.7828;Elevado;https://www.gloriadoeste.mt.gov.br/;https://www.gloriadoeste.mt.gov.br/;URL exata;Bloqueio Cloudflare;9.6;;Access denied | www.gloriadoeste.mt.gov.br used Cloudflare to restrict access | www.gloriadoeste.mt.gov.br | Cloudflare;2026-09-20 08:46:39;4;0;1;0;61;30;28;3;51;7711;/home/jesus/faculdade/grupo-pesquisa/Egov/analize_sites_Egov/webscrap_amaweb/saida_mt/2026-09-20/04-42-35/amaweb_www.gloriadoeste.mt.gov.br_019.json;/home/jesus/faculdade/grupo-pesquisa/Egov/analize_sites_Egov/webscrap_amaweb/saida_mt/2026-09-20/04-42-35/amaweb_www.gloriadoeste.mt.gov.br_019.pdf
111;5103957;Glória D'Oeste;Legislativo;Municipal;Câmara Municipal de Glória D'Oeste;0.9393;Elevado;https://www.gloriadoeste.mt.leg.br/;https://www.gloriadoeste.mt.leg.br/;URL exata;Bloqueio Cloudflare;9.6;;Access denied | www.gloriadoeste.mt.leg.br used Cloudflare to restrict access | www.gloriadoeste.mt.leg.br | Cloudflare;2026-09-20 07:05:26;1;0;1;0;61;30;28;3;51;7711;/home/jesus/faculdade/grupo-pesquisa/Egov/analize_sites_Egov/webscrap_amaweb/saida_mt/2026-09-20/02-41-56/amaweb_www.gloriadoeste.mt.leg.br_111.json;/home/jesus/faculdade/grupo-pesquisa/Egov/analize_sites_Egov/webscrap_amaweb/saida_mt/2026-09-20/02-41-56/amaweb_www.gloriadoeste.mt.leg.br_111.pdf
112;5104104;Guarantã do Norte;Executivo;Municipal;Prefeitura Municipal de Guarantã do Norte;0.6431;Intermediário;https://www.guarantadonorte.mt.gov.br/;https://www.guarantadonorte.mt.gov.br/;URL exata;Conteúdo institucional avaliado;8.2;8.2;Página Inicial - Prefeitura de Guarantã do Norte - MT;2026-09-20 07:06:09;1;7;1;0;711;601;90;20;2074;480310;/home/jesus/faculdade/grupo-pesquisa/Egov/analize_sites_Egov/webscrap_amaweb/saida_mt/2026-09-20/02-41-56/amaweb_www.guarantadonorte.mt.gov.br_112.json;/home/jesus/faculdade/grupo-pesquisa/Egov/analize_sites_Egov/webscrap_amaweb/saida_mt/2026-09-20/02-41-56/amaweb_www.guarantadonorte.mt.gov.br_112.pdf
113;5104104;Guarantã do Norte;Legislativo;Municipal;Câmara Municipal de Guarantã do Norte;0.7178;Intermediário;https://camaraguarantadonorte.mt.gov.br;;Sem JSON associado;Sem resultado AMAWeb;;;;;10;;;;;;;;;;;
114;5104203;Guiratinga;Executivo;Municipal;Prefeitura Municipal de Guiratinga;0.49579999999999996;Básico;https://guiratinga.mt.gov.br/;https://www.guiratinga.mt.gov.br/;URL exata;Conteúdo institucional avaliado;8.2;8.2;Página Inicial - Prefeitura de Guiratinga - MT;2026-09-20 08:07:56;2;5;1;0;481;416;25;40;1247;320353;/home/jesus/faculdade/grupo-pesquisa/Egov/analize_sites_Egov/webscrap_amaweb/saida_mt/2026-09-20/04-02-24/amaweb_guiratinga.mt.gov.br_025.json;/home/jesus/faculdade/grupo-pesquisa/Egov/analize_sites_Egov/webscrap_amaweb/saida_mt/2026-09-20/04-02-24/amaweb_guiratinga.mt.gov.br_025.pdf
115;5104203;Guiratinga;Legislativo;Municipal;Câmara Municipal de Guiratinga;0.8009999999999999;Prata;https://www.guiratinga.mt.leg.br/;https://www.guiratinga.mt.leg.br/;URL exata;Conteúdo institucional avaliado;7.7;7.7;Página Inicial — Câmara Municipal;2026-09-20 08:08:05;2;8;0;1;709;646;52;11;756;90335;/home/jesus/faculdade/grupo-pesquisa/Egov/analize_sites_Egov/webscrap_amaweb/saida_mt/2026-09-20/04-02-24/amaweb_www.guiratinga.mt.leg.br_026.json;/home/jesus/faculdade/grupo-pesquisa/Egov/analize_sites_Egov/webscrap_amaweb/saida_mt/2026-09-20/04-02-24/amaweb_www.guiratinga.mt.leg.br_026.pdf
116;5104500;Indiavaí;Executivo;Municipal;Prefeitura Municipal de Indiavaí;0.3689;Básico;https://www.indiavai.mt.gov.br/;;Sem JSON associado;Sem resultado AMAWeb;;;;;10;;;;;;;;;;;
117;5104500;Indiavaí;Legislativo;Municipal;Câmara Municipal de Indiavaí;0.3579;Básico;https://indiavai.mt.leg.br/;;Sem JSON associado;Sem resultado AMAWeb;;;;;10;;;;;;;;;;;
118;5104526;Ipiranga do Norte;Executivo;Municipal;Prefeitura Municipal de Ipiranga do Norte;0.9578;Diamante;https://www.ipirangadonorte.mt.gov.br;https://www.ipirangadonorte.mt.gov.br/;URL exata;Conteúdo institucional avaliado;7.4;7.4;Página Inicial - Prefeitura Municipal de Ipiranga do Norte;2026-09-20 07:08:28;1;8;2;1;637;495;104;38;1433;185368;/home/jesus/faculdade/grupo-pesquisa/Egov/analize_sites_Egov/webscrap_amaweb/saida_mt/2026-09-20/02-41-56/amaweb_www.ipirangadonorte.mt.gov.br_118.json;/home/jesus/faculdade/grupo-pesquisa/Egov/analize_sites_Egov/webscrap_amaweb/saida_mt/2026-09-20/02-41-56/amaweb_www.ipirangadonorte.mt.gov.br_118.pdf
119;5104526;Ipiranga do Norte;Legislativo;Municipal;Câmara Municipal de Ipiranga do Norte;0.9815;Diamante;https://www.ipirangadonorte.mt.leg.br/;https://www.ipirangadonorte.mt.leg.br/;URL exata;Conteúdo institucional avaliado;7.5;7.5;Câmara Municipal de Ipiranga do Norte/MT — Câmara Municipal de Ipiranga do Norte;2026-09-20 08:08:57;2;10;0;0;411;325;71;15;887;94844;/home/jesus/faculdade/grupo-pesquisa/Egov/analize_sites_Egov/webscrap_amaweb/saida_mt/2026-09-20/04-02-24/amaweb_www.ipirangadonorte.mt.leg.br_029.json;/home/jesus/faculdade/grupo-pesquisa/Egov/analize_sites_Egov/webscrap_amaweb/saida_mt/2026-09-20/04-02-24/amaweb_www.ipirangadonorte.mt.leg.br_029.pdf
120;5104542;Itanhangá;Executivo;Municipal;Prefeitura Municipal de Itanhangá;0.8382999999999999;Prata;https://www.itanhanga.mt.gov.br/#/home;https://www.itanhanga.mt.gov.br/#/home;URL exata;Conteúdo institucional avaliado;7.0;7.0;Prefeitura Municipal de Itanhangá;2026-09-20 07:09:58;1;10;1;0;312;132;168;12;687;91991;/home/jesus/faculdade/grupo-pesquisa/Egov/analize_sites_Egov/webscrap_amaweb/saida_mt/2026-09-20/02-41-56/amaweb_www.itanhanga.mt.gov.br_120.json;/home/jesus/faculdade/grupo-pesquisa/Egov/analize_sites_Egov/webscrap_amaweb/saida_mt/2026-09-20/02-41-56/amaweb_www.itanhanga.mt.gov.br_120.pdf
121;5104542;Itanhangá;Legislativo;Municipal;Câmara Municipal de Itanhangá;0.6341;Intermediário;https://www.camaraitanhanga.mt.gov.br/;https://www.camaraitanhanga.mt.gov.br/;URL exata;Conteúdo institucional avaliado;8.5;8.5;Página Inicial - Câmara Municipal de Itanhangá - MT;2026-09-20 07:08:51;1;4;1;0;432;290;65;77;959;139962;/home/jesus/faculdade/grupo-pesquisa/Egov/analize_sites_Egov/webscrap_amaweb/saida_mt/2026-09-20/02-41-56/amaweb_www.camaraitanhanga.mt.gov.br_121.json;/home/jesus/faculdade/grupo-pesquisa/Egov/analize_sites_Egov/webscrap_amaweb/saida_mt/2026-09-20/02-41-56/amaweb_www.camaraitanhanga.mt.gov.br_121.pdf
122;5104559;Itaúba;Executivo;Municipal;Prefeitura Municipal de Itaúba;0.7775;Elevado;https://www.itauba.mt.gov.br/;https://www.itauba.mt.gov.br/;URL exata;Conteúdo institucional avaliado;7.9;7.9;Página Inicial - Prefeitura de Itaúba - MT;2026-09-20 07:09:23;1;6;1;0;472;371;33;68;1330;248863;/home/jesus/faculdade/grupo-pesquisa/Egov/analize_sites_Egov/webscrap_amaweb/saida_mt/2026-09-20/02-41-56/amaweb_www.itauba.mt.gov.br_122.json;/home/jesus/faculdade/grupo-pesquisa/Egov/analize_sites_Egov/webscrap_amaweb/saida_mt/2026-09-20/02-41-56/amaweb_www.itauba.mt.gov.br_122.pdf
123;5104559;Itaúba;Legislativo;Municipal;Câmara Municipal de Itaúba;0.9554;Diamante;https://www.camaraitauba.mt.gov.br/;https://www.camaraitauba.mt.gov.br/;URL exata;Conteúdo institucional avaliado;8.3;8.3;Página Inicial - Câmara Municipal de Itaúba - MT;2026-09-20 07:09:52;1;5;1;0;476;361;74;41;1238;200153;/home/jesus/faculdade/grupo-pesquisa/Egov/analize_sites_Egov/webscrap_amaweb/saida_mt/2026-09-20/02-41-56/amaweb_www.camaraitauba.mt.gov.br_123.json;/home/jesus/faculdade/grupo-pesquisa/Egov/analize_sites_Egov/webscrap_amaweb/saida_mt/2026-09-20/02-41-56/amaweb_www.camaraitauba.mt.gov.br_123.pdf
124;5104609;Itiquira;Executivo;Municipal;Prefeitura Municipal de Itiquira;0.8015000000000001;Elevado;https://www.itiquira.mt.gov.br/;https://www.itiquira.mt.gov.br/;URL exata;Conteúdo institucional avaliado;6.6;6.6;Prefeitura de Itiquira - MT;2026-09-20 07:10:34;1;9;1;1;343;281;45;17;742;71554;/home/jesus/faculdade/grupo-pesquisa/Egov/analize_sites_Egov/webscrap_amaweb/saida_mt/2026-09-20/02-41-56/amaweb_www.itiquira.mt.gov.br_124.json;/home/jesus/faculdade/grupo-pesquisa/Egov/analize_sites_Egov/webscrap_amaweb/saida_mt/2026-09-20/02-41-56/amaweb_www.itiquira.mt.gov.br_124.pdf
125;5104609;Itiquira;Legislativo;Municipal;Câmara Municipal de Itiquira;0.9653;Elevado;https://www.itiquira.mt.leg.br/;https://www.itiquira.mt.leg.br/;URL exata;Conteúdo institucional avaliado;7.0;7.0;Câmara Municipal de Itiquira | Poder Legislativo;2026-09-20 08:09:33;2;9;2;1;390;235;138;17;616;84812;/home/jesus/faculdade/grupo-pesquisa/Egov/analize_sites_Egov/webscrap_amaweb/saida_mt/2026-09-20/04-02-24/amaweb_www.itiquira.mt.leg.br_030.json;/home/jesus/faculdade/grupo-pesquisa/Egov/analize_sites_Egov/webscrap_amaweb/saida_mt/2026-09-20/04-02-24/amaweb_www.itiquira.mt.leg.br_030.pdf
126;5104807;Jaciara;Executivo;Municipal;Prefeitura Municipal de Jaciara;0.9429000000000001;Ouro;https://www.jaciara.mt.gov.br/;https://www.jaciara.mt.gov.br/;URL exata;Conteúdo institucional avaliado;8.1;8.1;Governo de Jaciara - Poder Executivo;2026-09-20 07:10:32;1;6;1;0;490;227;176;87;924;132086;/home/jesus/faculdade/grupo-pesquisa/Egov/analize_sites_Egov/webscrap_amaweb/saida_mt/2026-09-20/02-41-56/amaweb_www.jaciara.mt.gov.br_126.json;/home/jesus/faculdade/grupo-pesquisa/Egov/analize_sites_Egov/webscrap_amaweb/saida_mt/2026-09-20/02-41-56/amaweb_www.jaciara.mt.gov.br_126.pdf
127;5104807;Jaciara;Legislativo;Municipal;Câmara Municipal de Jaciara;0.9662000000000001;Diamante;https://www.camarajaciara.mt.gov.br/;https://www.camarajaciara.mt.gov.br/;URL exata;Conteúdo institucional avaliado;5.7;5.7;Câmara Municipal de Jaciara;2026-09-20 07:11:13;1;12;0;1;706;327;349;30;2411;220566;/home/jesus/faculdade/grupo-pesquisa/Egov/analize_sites_Egov/webscrap_amaweb/saida_mt/2026-09-20/02-41-56/amaweb_www.camarajaciara.mt.gov.br_127.json;/home/jesus/faculdade/grupo-pesquisa/Egov/analize_sites_Egov/webscrap_amaweb/saida_mt/2026-09-20/02-41-56/amaweb_www.camarajaciara.mt.gov.br_127.pdf
128;5104906;Jangada;Executivo;Municipal;Prefeitura Municipal de Jangada;0.3618;Básico;https://jangada.mt.gov.br/;https://www.jangada.mt.gov.br/;URL exata;Conteúdo institucional avaliado;9.3;9.3;Página Inicial - Prefeitura de Jangada - MT;2026-09-20 07:11:08;1;2;1;0;668;572;29;67;1375;206788;/home/jesus/faculdade/grupo-pesquisa/Egov/analize_sites_Egov/webscrap_amaweb/saida_mt/2026-09-20/02-41-56/amaweb_jangada.mt.gov.br_128.json;/home/jesus/faculdade/grupo-pesquisa/Egov/analize_sites_Egov/webscrap_amaweb/saida_mt/2026-09-20/02-41-56/amaweb_jangada.mt.gov.br_128.pdf
129;5104906;Jangada;Legislativo;Municipal;Câmara Municipal de Jangada;0.3361;Básico;https://jangada.mt.leg.br/;;Sem JSON associado;Sem resultado AMAWeb;;;;;10;;;;;;;;;;;
130;5105002;Jauru;Executivo;Municipal;Prefeitura Municipal de Jauru;0.9112;Ouro;https://www.jauru.mt.gov.br/;https://www.jauru.mt.gov.br/;URL exata;Conteúdo institucional avaliado;6.6;6.6;:: Prefeitura Municipal de Jauru - www.Jauru.mt.gov.br;2026-09-20 08:10:11;2;11;1;1;525;396;88;41;1534;183321;/home/jesus/faculdade/grupo-pesquisa/Egov/analize_sites_Egov/webscrap_amaweb/saida_mt/2026-09-20/04-02-24/amaweb_www.jauru.mt.gov.br_032.json;/home/jesus/faculdade/grupo-pesquisa/Egov/analize_sites_Egov/webscrap_amaweb/saida_mt/2026-09-20/04-02-24/amaweb_www.jauru.mt.gov.br_032.pdf
131;5105002;Jauru;Legislativo;Municipal;Câmara Municipal de Jauru;0.8748999999999999;Ouro;https://www.camarajauru.mt.gov.br/;;Sem JSON associado;Sem resultado AMAWeb;;;;;10;;;;;;;;;;;
132;5105101;Juara;Consórcios;Municipal;Consórcio Intermunicipal de Infraestrutura e Desenvolvimento do Vale do Arinos;0.36219999999999997;Básico;https://cindvale.com.br;https://cindvale.com.br/;URL exata;Bloqueio Cloudflare;9.6;;Access denied | cindvale.com.br used Cloudflare to restrict access | cindvale.com.br | Cloudflare;2026-09-20 08:10:23;2;0;1;0;60;30;27;3;49;6619;/home/jesus/faculdade/grupo-pesquisa/Egov/analize_sites_Egov/webscrap_amaweb/saida_mt/2026-09-20/04-02-24/amaweb_cindvale.com.br_034.json;/home/jesus/faculdade/grupo-pesquisa/Egov/analize_sites_Egov/webscrap_amaweb/saida_mt/2026-09-20/04-02-24/amaweb_cindvale.com.br_034.pdf
133;5105101;Juara;Consórcios;Municipal;Consórcio Intermunicipal de Saúde do Vale do Arinos;0.27390000000000003;Inicial;https://www.cisva.com.br/#/home;https://www.cisva.com.br/#/home;URL exata;Conteúdo institucional avaliado;7.3;7.3;Cisva;2026-09-20 07:12:41;1;5;1;0;118;59;58;1;281;22882;/home/jesus/faculdade/grupo-pesquisa/Egov/analize_sites_Egov/webscrap_amaweb/saida_mt/2026-09-20/02-41-56/amaweb_www.cisva.com.br_133.json;/home/jesus/faculdade/grupo-pesquisa/Egov/analize_sites_Egov/webscrap_amaweb/saida_mt/2026-09-20/02-41-56/amaweb_www.cisva.com.br_133.pdf
134;5105101;Juara;Executivo;Municipal;Prefeitura Municipal de Juara;0.8486;Prata;https://juara.mt.gov.br/#/home;https://juara.mt.gov.br/#/home;URL exata;Conteúdo institucional avaliado;6.8;6.8;Juara - MT;2026-09-20 07:13:17;1;8;1;0;379;98;278;3;976;110494;/home/jesus/faculdade/grupo-pesquisa/Egov/analize_sites_Egov/webscrap_amaweb/saida_mt/2026-09-20/02-41-56/amaweb_juara.mt.gov.br_134.json;/home/jesus/faculdade/grupo-pesquisa/Egov/analize_sites_Egov/webscrap_amaweb/saida_mt/2026-09-20/02-41-56/amaweb_juara.mt.gov.br_134.pdf
135;5105101;Juara;Legislativo;Municipal;Câmara Municipal de Juara;0.9381;Ouro;https://www.juara.mt.leg.br/;https://www.juara.mt.leg.br/;URL exata;Conteúdo institucional avaliado;7.8;7.8;Poder Legislativo — PODER LEGISLATIVO;2026-09-20 08:10:46;2;8;0;0;320;214;98;8;540;59361;/home/jesus/faculdade/grupo-pesquisa/Egov/analize_sites_Egov/webscrap_amaweb/saida_mt/2026-09-20/04-02-24/amaweb_www.juara.mt.leg.br_035.json;/home/jesus/faculdade/grupo-pesquisa/Egov/analize_sites_Egov/webscrap_amaweb/saida_mt/2026-09-20/04-02-24/amaweb_www.juara.mt.leg.br_035.pdf
136;5105176;Juruena;Executivo;Municipal;Prefeitura Municipal de Juruena;0.9361;Ouro;https://www.juruena.mt.gov.br/;https://www.juruena.mt.gov.br/;URL exata;Bloqueio Cloudflare;9.6;;Access denied | www.juruena.mt.gov.br used Cloudflare to restrict access | www.juruena.mt.gov.br | Cloudflare;2026-09-20 07:13:29;1;0;1;0;61;30;28;3;49;6637;/home/jesus/faculdade/grupo-pesquisa/Egov/analize_sites_Egov/webscrap_amaweb/saida_mt/2026-09-20/02-41-56/amaweb_www.juruena.mt.gov.br_136.json;/home/jesus/faculdade/grupo-pesquisa/Egov/analize_sites_Egov/webscrap_amaweb/saida_mt/2026-09-20/02-41-56/amaweb_www.juruena.mt.gov.br_136.pdf
137;5105176;Juruena;Legislativo;Municipal;Câmara Municipal de Juruena;0.6306;Intermediário;https://www.juruena.mt.leg.br/;https://www.juruena.mt.leg.br/;URL exata;Conteúdo institucional avaliado;6.0;6.0;Camara Municipal de Juruena;2026-09-20 08:12:15;2;12;1;1;376;282;69;25;747;200925;/home/jesus/faculdade/grupo-pesquisa/Egov/analize_sites_Egov/webscrap_amaweb/saida_mt/2026-09-20/04-02-24/amaweb_www.juruena.mt.leg.br_036.json;/home/jesus/faculdade/grupo-pesquisa/Egov/analize_sites_Egov/webscrap_amaweb/saida_mt/2026-09-20/04-02-24/amaweb_www.juruena.mt.leg.br_036.pdf
138;5105200;Juscimeira;Consórcios;Municipal;Consórcio Intermunicipal de Desenvolvimento Econômico Social e Ambiental da Região Sul - Campo Verde;0.6134000000000001;Intermediário;https://www.cidesasul.com.br/;https://www.cidesasul.com.br/;URL exata;Conteúdo institucional avaliado;3.6;3.6;CIDESASUL;2026-09-20 07:14:17;1;15;2;0;178;79;98;1;566;68119;/home/jesus/faculdade/grupo-pesquisa/Egov/analize_sites_Egov/webscrap_amaweb/saida_mt/2026-09-20/02-41-56/amaweb_www.cidesasul.com.br_138.json;/home/jesus/faculdade/grupo-pesquisa/Egov/analize_sites_Egov/webscrap_amaweb/saida_mt/2026-09-20/02-41-56/amaweb_www.cidesasul.com.br_138.pdf
139;5105200;Juscimeira;Executivo;Municipal;Prefeitura Municipal de Juscimeira;0.8679000000000001;Ouro;https://www.juscimeira.mt.gov.br/;https://www.juscimeira.mt.gov.br/;URL exata;Conteúdo institucional avaliado;6.5;6.5;Prefeitura Municipal de Juscimeira;2026-09-20 07:14:51;1;12;1;1;420;205;192;23;856;99660;/home/jesus/faculdade/grupo-pesquisa/Egov/analize_sites_Egov/webscrap_amaweb/saida_mt/2026-09-20/02-41-56/amaweb_www.juscimeira.mt.gov.br_139.json;/home/jesus/faculdade/grupo-pesquisa/Egov/analize_sites_Egov/webscrap_amaweb/saida_mt/2026-09-20/02-41-56/amaweb_www.juscimeira.mt.gov.br_139.pdf
140;5105200;Juscimeira;Legislativo;Municipal;Câmara Municipal de Juscimeira;0.96;Diamante;https://www.camarajuscimeira.mt.gov.br/;https://www.camarajuscimeira.mt.gov.br/;URL exata;Conteúdo institucional avaliado;6.1;6.1;Câmara Municipal de Juscimeira;2026-09-20 07:15:41;1;12;1;1;617;283;320;14;1755;168257;/home/jesus/faculdade/grupo-pesquisa/Egov/analize_sites_Egov/webscrap_amaweb/saida_mt/2026-09-20/02-41-56/amaweb_www.camarajuscimeira.mt.gov.br_140.json;/home/jesus/faculdade/grupo-pesquisa/Egov/analize_sites_Egov/webscrap_amaweb/saida_mt/2026-09-20/02-41-56/amaweb_www.camarajuscimeira.mt.gov.br_140.pdf
141;5105150;Juína;Consórcios;Municipal;Consórcio Intermunicipal de Desenvolvimento Econômico, Social e Ambiental Vale do Juruena;0.6979000000000001;Intermediário;https://www.cidesavaledojuruena.com.br/;https://www.cidesavaledojuruena.com.br/;URL exata;Conteúdo institucional avaliado;8.1;8.1;Consórcio intermunicipal Cidesa;2026-09-20 07:15:42;1;4;1;2;249;158;62;29;502;38835;/home/jesus/faculdade/grupo-pesquisa/Egov/analize_sites_Egov/webscrap_amaweb/saida_mt/2026-09-20/02-41-56/amaweb_www.cidesavaledojuruena.com.br_141.json;/home/jesus/faculdade/grupo-pesquisa/Egov/analize_sites_Egov/webscrap_amaweb/saida_mt/2026-09-20/02-41-56/amaweb_www.cidesavaledojuruena.com.br_141.pdf
142;5105150;Juína;Consórcios;Municipal;Consórcio Intermunicipal de Saúde do Vale do Juruena;0.4839;Básico;https://www.consorciocisvj.com.br/home;https://www.consorciocisvj.com.br/home;URL exata;Conteúdo institucional avaliado;8.4;8.4;CISVJ;2026-09-20 07:15:44;1;2;1;1;182;128;15;39;655;46261;/home/jesus/faculdade/grupo-pesquisa/Egov/analize_sites_Egov/webscrap_amaweb/saida_mt/2026-09-20/02-41-56/amaweb_www.consorciocisvj.com.br_142.json;/home/jesus/faculdade/grupo-pesquisa/Egov/analize_sites_Egov/webscrap_amaweb/saida_mt/2026-09-20/02-41-56/amaweb_www.consorciocisvj.com.br_142.pdf
143;5105150;Juína;Executivo;Municipal;Prefeitura Municipal de Juína;0.8149;Prata;https://www.juina.mt.gov.br/;https://www.juina.mt.gov.br/;URL exata;Conteúdo institucional avaliado;7.1;7.1;Prefeitura de Juína;2026-09-20 07:17:06;1;6;1;2;379;213;142;24;966;81819;/home/jesus/faculdade/grupo-pesquisa/Egov/analize_sites_Egov/webscrap_amaweb/saida_mt/2026-09-20/02-41-56/amaweb_www.juina.mt.gov.br_143.json;/home/jesus/faculdade/grupo-pesquisa/Egov/analize_sites_Egov/webscrap_amaweb/saida_mt/2026-09-20/02-41-56/amaweb_www.juina.mt.gov.br_143.pdf
144;5105150;Juína;Legislativo;Municipal;Câmara Municipal de Juína;0.9631000000000001;Diamante;https://www.juina.mt.leg.br/;https://www.juina.mt.leg.br/;URL exata;Conteúdo institucional avaliado;7.8;7.8;página inicial — Município de Juína;2026-09-20 07:16:13;1;9;1;0;373;309;54;10;818;87999;/home/jesus/faculdade/grupo-pesquisa/Egov/analize_sites_Egov/webscrap_amaweb/saida_mt/2026-09-20/02-41-56/amaweb_www.juina.mt.leg.br_144.json;/home/jesus/faculdade/grupo-pesquisa/Egov/analize_sites_Egov/webscrap_amaweb/saida_mt/2026-09-20/02-41-56/amaweb_www.juina.mt.leg.br_144.pdf
145;5105234;Lambari D'Oeste;Executivo;Municipal;Prefeitura Municipal de Lambari D'Oeste;0.8262999999999999;Elevado;https://lambaridoeste.mt.gov.br;https://lambaridoeste.mt.gov.br/;URL exata;Bloqueio Cloudflare;9.6;;Access denied | lambaridoeste.mt.gov.br used Cloudflare to restrict access | lambaridoeste.mt.gov.br | Cloudflare;2026-09-20 07:15:54;1;0;1;0;61;30;28;3;51;7702;/home/jesus/faculdade/grupo-pesquisa/Egov/analize_sites_Egov/webscrap_amaweb/saida_mt/2026-09-20/02-41-56/amaweb_lambaridoeste.mt.gov.br_145.json;/home/jesus/faculdade/grupo-pesquisa/Egov/analize_sites_Egov/webscrap_amaweb/saida_mt/2026-09-20/02-41-56/amaweb_lambaridoeste.mt.gov.br_145.pdf
146;5105234;Lambari D'Oeste;Legislativo;Municipal;Câmara Municipal de Lambari D'Oeste;0.557;Intermediário;https://lambaridoeste.mt.leg.br/;https://lambaridoeste.mt.leg.br/;URL exata;Bloqueio Cloudflare;9.6;;Access denied | lambaridoeste.mt.leg.br used Cloudflare to restrict access | lambaridoeste.mt.leg.br | Cloudflare;2026-09-20 07:16:04;1;0;1;0;61;30;28;3;51;7702;/home/jesus/faculdade/grupo-pesquisa/Egov/analize_sites_Egov/webscrap_amaweb/saida_mt/2026-09-20/02-41-56/amaweb_lambaridoeste.mt.leg.br_146.json;/home/jesus/faculdade/grupo-pesquisa/Egov/analize_sites_Egov/webscrap_amaweb/saida_mt/2026-09-20/02-41-56/amaweb_lambaridoeste.mt.leg.br_146.pdf
147;5105259;Lucas do Rio Verde;Executivo;Municipal;Prefeitura Municipal de Lucas do Rio Verde;0.9517;Diamante;https://www.lucasdorioverde.mt.gov.br/site/;https://www.lucasdorioverde.mt.gov.br/site/;URL exata;Conteúdo institucional avaliado;6.1;6.1;Prefeitura de Lucas do Rio Verde;2026-09-20 07:16:33;1;11;1;2;382;170;172;40;711;82736;/home/jesus/faculdade/grupo-pesquisa/Egov/analize_sites_Egov/webscrap_amaweb/saida_mt/2026-09-20/02-41-56/amaweb_www.lucasdorioverde.mt.gov.br_147.json;/home/jesus/faculdade/grupo-pesquisa/Egov/analize_sites_Egov/webscrap_amaweb/saida_mt/2026-09-20/02-41-56/amaweb_www.lucasdorioverde.mt.gov.br_147.pdf
148;5105259;Lucas do Rio Verde;Legislativo;Municipal;Câmara Municipal de Lucas do Rio Verde;0.9804999999999999;Diamante;https://www.camaralucasdorioverde.mt.gov.br/;https://www.camaralucasdorioverde.mt.gov.br/;URL exata;Conteúdo institucional avaliado;7.9;7.9;Página Inicial - Câmara Municipal de Lucas do Rio Verde - MT;2026-09-20 07:17:08;1;7;1;0;487;400;60;27;1641;355702;/home/jesus/faculdade/grupo-pesquisa/Egov/analize_sites_Egov/webscrap_amaweb/saida_mt/2026-09-20/02-41-56/amaweb_www.camaralucasdorioverde.mt.gov.br_148.json;/home/jesus/faculdade/grupo-pesquisa/Egov/analize_sites_Egov/webscrap_amaweb/saida_mt/2026-09-20/02-41-56/amaweb_www.camaralucasdorioverde.mt.gov.br_148.pdf
149;5105309;Luciara;Executivo;Municipal;Prefeitura Municipal de Luciara;0.8207;Prata;https://www.luciara.mt.gov.br/;;Sem JSON associado;Sem resultado AMAWeb;;;;;10;;;;;;;;;;;
150;5105309;Luciara;Legislativo;Municipal;Câmara Municipal de Luciara;0.6629;Intermediário;https://www.luciara.mt.leg.br/;;Sem JSON associado;Sem resultado AMAWeb;;;;;10;;;;;;;;;;;
151;5105580;Marcelândia;Executivo;Municipal;Prefeitura Municipal de Marcelândia;0.7940999999999999;Elevado;https://www.marcelandia.mt.gov.br/;https://www.marcelandia.mt.gov.br/;URL exata;Conteúdo institucional avaliado;5.5;5.5;Página Inicial - Prefeitura Municipal de Marcelândia;2026-09-20 07:17:33;1;14;1;1;599;413;133;53;845;80077;/home/jesus/faculdade/grupo-pesquisa/Egov/analize_sites_Egov/webscrap_amaweb/saida_mt/2026-09-20/02-41-56/amaweb_www.marcelandia.mt.gov.br_151.json;/home/jesus/faculdade/grupo-pesquisa/Egov/analize_sites_Egov/webscrap_amaweb/saida_mt/2026-09-20/02-41-56/amaweb_www.marcelandia.mt.gov.br_151.pdf
152;5105580;Marcelândia;Legislativo;Municipal;Câmara Municipal de Marcelândia;0.5367000000000001;Intermediário;https://www.camaramarcelandia.mt.gov.br/;https://www.marcelandia.mt.leg.br/;URL exata;Conteúdo institucional avaliado;7.8;7.8;Página Inicial - Câmara Municipal de Marcelândia - MT;2026-09-20 07:17:41;1;7;1;1;598;430;61;107;1115;136333;/home/jesus/faculdade/grupo-pesquisa/Egov/analize_sites_Egov/webscrap_amaweb/saida_mt/2026-09-20/02-41-56/amaweb_www.camaramarcelandia.mt.gov.br_152.json;/home/jesus/faculdade/grupo-pesquisa/Egov/analize_sites_Egov/webscrap_amaweb/saida_mt/2026-09-20/02-41-56/amaweb_www.camaramarcelandia.mt.gov.br_152.pdf
153;5105606;Matupá;Executivo;Municipal;Prefeitura Municipal de Matupá;0.9179;Ouro;https://www.matupa.mt.gov.br/;https://www.matupa.mt.gov.br/;URL exata;Conteúdo institucional avaliado;6.7;6.7;Página Principal Prefeitura Municipal de Matupá - MT;2026-09-20 07:18:03;1;10;2;0;374;265;85;24;922;142313;/home/jesus/faculdade/grupo-pesquisa/Egov/analize_sites_Egov/webscrap_amaweb/saida_mt/2026-09-20/02-41-56/amaweb_www.matupa.mt.gov.br_153.json;/home/jesus/faculdade/grupo-pesquisa/Egov/analize_sites_Egov/webscrap_amaweb/saida_mt/2026-09-20/02-41-56/amaweb_www.matupa.mt.gov.br_153.pdf
154;5105606;Matupá;Legislativo;Municipal;Câmara Municipal de Matupá;0.9737;Diamante;https://matupa.mt.leg.br/;https://matupa.mt.leg.br/;URL exata;Conteúdo institucional avaliado;8.3;8.3;Câmara Municipal de Matupá - MT - Portal Oficial;2026-09-20 07:18:05;1;4;3;0;564;365;172;27;668;119647;/home/jesus/faculdade/grupo-pesquisa/Egov/analize_sites_Egov/webscrap_amaweb/saida_mt/2026-09-20/02-41-56/amaweb_matupa.mt.leg.br_154.json;/home/jesus/faculdade/grupo-pesquisa/Egov/analize_sites_Egov/webscrap_amaweb/saida_mt/2026-09-20/02-41-56/amaweb_matupa.mt.leg.br_154.pdf
155;5105622;Mirassol d'Oeste;Executivo;Municipal;Prefeitura Municipal de Mirassol d'Oeste;0.4191;Básico;https://www.mirassoldoeste.mt.gov.br/;https://www.mirassoldoeste.mt.gov.br/;URL exata;Bloqueio Cloudflare;9.6;;Access denied | www.mirassoldoeste.mt.gov.br used Cloudflare to restrict access | www.mirassoldoeste.mt.gov.br | Cloudflare;2026-09-20 07:18:43;1;0;1;0;61;30;28;3;49;6658;/home/jesus/faculdade/grupo-pesquisa/Egov/analize_sites_Egov/webscrap_amaweb/saida_mt/2026-09-20/02-41-56/amaweb_www.mirassoldoeste.mt.gov.br_155.json;/home/jesus/faculdade/grupo-pesquisa/Egov/analize_sites_Egov/webscrap_amaweb/saida_mt/2026-09-20/02-41-56/amaweb_www.mirassoldoeste.mt.gov.br_155.pdf
156;5105622;Mirassol d'Oeste;Legislativo;Municipal;Câmara Municipal de Mirassol d'Oeste;0.3141;Básico;https://amaramirassoldoeste.mt.gov.br;;Sem JSON associado;Sem resultado AMAWeb;;;;;10;;;;;;;;;;;
157;5105903;Nobres;Executivo;Municipal;Prefeitura Municipal de Nobres;0.9521999999999999;Diamante;https://www.nobres.mt.gov.br/;https://www.nobres.mt.gov.br/;URL exata;Conteúdo institucional avaliado;7.7;7.7;Página Inicial - Prefeitura Municipal de Nobres;2026-09-20 07:18:43;1;6;3;0;615;321;238;56;1048;167996;/home/jesus/faculdade/grupo-pesquisa/Egov/analize_sites_Egov/webscrap_amaweb/saida_mt/2026-09-20/02-41-56/amaweb_www.nobres.mt.gov.br_157.json;/home/jesus/faculdade/grupo-pesquisa/Egov/analize_sites_Egov/webscrap_amaweb/saida_mt/2026-09-20/02-41-56/amaweb_www.nobres.mt.gov.br_157.pdf
158;5105903;Nobres;Legislativo;Municipal;Câmara Municipal de Nobres;0.3782;Básico;https://www.nobres.mt.leg.br/;https://www.nobres.mt.leg.br/;URL exata;Conteúdo institucional avaliado;8.4;8.4;Página Inicial - Câmara Municipal de Nobres - MT;2026-09-20 07:18:40;1;5;1;0;878;668;66;144;1685;249831;/home/jesus/faculdade/grupo-pesquisa/Egov/analize_sites_Egov/webscrap_amaweb/saida_mt/2026-09-20/02-41-56/amaweb_www.nobres.mt.leg.br_158.json;/home/jesus/faculdade/grupo-pesquisa/Egov/analize_sites_Egov/webscrap_amaweb/saida_mt/2026-09-20/02-41-56/amaweb_www.nobres.mt.leg.br_158.pdf
159;5106000;Nortelândia;Executivo;Municipal;Prefeitura Municipal de Nortelândia;0.8726999999999999;Ouro;https://www.nortelandia.mt.gov.br/;https://www.nortelandia.mt.gov.br/;URL exata;Conteúdo institucional avaliado;7.7;7.7;Página Inicial - Prefeitura Municipal de Nortelândia - MT;2026-09-20 07:20:01;1;8;1;1;867;674;78;115;2751;492581;/home/jesus/faculdade/grupo-pesquisa/Egov/analize_sites_Egov/webscrap_amaweb/saida_mt/2026-09-20/02-41-56/amaweb_www.nortelandia.mt.gov.br_159.json;/home/jesus/faculdade/grupo-pesquisa/Egov/analize_sites_Egov/webscrap_amaweb/saida_mt/2026-09-20/02-41-56/amaweb_www.nortelandia.mt.gov.br_159.pdf
160;5106000;Nortelândia;Legislativo;Municipal;Câmara Municipal de Nortelândia;0.222;Inicial;https://nortelandia.mt.leg.br/;https://nortelandia.mt.leg.br/;URL exata;Conteúdo institucional avaliado;6.4;6.4;Câmara Municipal de Nortelândia;2026-09-20 07:19:10;1;14;0;0;311;227;69;15;1088;96736;/home/jesus/faculdade/grupo-pesquisa/Egov/analize_sites_Egov/webscrap_amaweb/saida_mt/2026-09-20/02-41-56/amaweb_nortelandia.mt.leg.br_160.json;/home/jesus/faculdade/grupo-pesquisa/Egov/analize_sites_Egov/webscrap_amaweb/saida_mt/2026-09-20/02-41-56/amaweb_nortelandia.mt.leg.br_160.pdf
161;5106109;Nossa Senhora do Livramento;Executivo;Municipal;Prefeitura Municipal de Nossa Senhora do Livramento;0.431;Básico;https://www.nossasenhoradolivramento.mt.gov.br/;https://www.nossasenhoradolivramento.mt.gov.br/;URL exata;Conteúdo institucional avaliado;9.3;9.3;Página Inicial - Prefeitura de Nossa Senhora do Livramento - MT;2026-09-20 07:19:30;1;2;1;0;967;846;39;82;2037;266362;/home/jesus/faculdade/grupo-pesquisa/Egov/analize_sites_Egov/webscrap_amaweb/saida_mt/2026-09-20/02-41-56/amaweb_www.nossasenhoradolivramento.mt.gov.br_161.json;/home/jesus/faculdade/grupo-pesquisa/Egov/analize_sites_Egov/webscrap_amaweb/saida_mt/2026-09-20/02-41-56/amaweb_www.nossasenhoradolivramento.mt.gov.br_161.pdf
162;5106109;Nossa Senhora do Livramento;Legislativo;Municipal;Câmara Municipal de Nossa Senhora do Livramento;0.5887;Intermediário;https://www.camaranossasenhoradolivramento.mt.gov.br/;https://www.camaranossasenhoradolivramento.mt.gov.br/;URL exata;Conteúdo institucional avaliado;9.8;9.8;Câmara Municipal de Nossa Senhora do Livramento | Câmara Municipal de Nossa Senhora do Livramento;2026-09-20 08:11:42;2;0;1;0;444;351;54;39;521;37769;/home/jesus/faculdade/grupo-pesquisa/Egov/analize_sites_Egov/webscrap_amaweb/saida_mt/2026-09-20/04-02-24/amaweb_www.camaranossasenhoradolivramento.mt.gov.br_040.json;/home/jesus/faculdade/grupo-pesquisa/Egov/analize_sites_Egov/webscrap_amaweb/saida_mt/2026-09-20/04-02-24/amaweb_www.camaranossasenhoradolivramento.mt.gov.br_040.pdf
163;5106158;Nova Bandeirantes;Executivo;Municipal;Prefeitura Municipal de Nova Bandeirantes;0.7286;Intermediário;https://www.novabandeirantes.mt.gov.br/;https://www.novabandeirantes.mt.gov.br/;URL exata;Conteúdo institucional avaliado;7.7;7.7;Página Inicial - Prefeitura de Nova Bandeirantes - MT;2026-09-20 07:19:46;1;8;0;0;672;561;63;48;1771;306536;/home/jesus/faculdade/grupo-pesquisa/Egov/analize_sites_Egov/webscrap_amaweb/saida_mt/2026-09-20/02-41-56/amaweb_www.novabandeirantes.mt.gov.br_163.json;/home/jesus/faculdade/grupo-pesquisa/Egov/analize_sites_Egov/webscrap_amaweb/saida_mt/2026-09-20/02-41-56/amaweb_www.novabandeirantes.mt.gov.br_163.pdf
164;5106158;Nova Bandeirantes;Legislativo;Municipal;Câmara Municipal de Nova Bandeirantes;0.9076000000000001;Ouro;https://www.camaranovabandeirantes.mt.gov.br/;;Sem JSON associado;Sem resultado AMAWeb;;;;;10;;;;;;;;;;;
165;5106208;Nova Brasilândia;Executivo;Municipal;Prefeitura Municipal de Nova Brasilândia;0.6823999999999999;Intermediário;https://www.novabrasilandia.mt.gov.br/;https://www.novabrasilandia.mt.gov.br/;URL exata;Conteúdo institucional avaliado;7.6;7.6;Página Inicial - Prefeitura Municipal de Nova Brasilândia - MT;2026-09-20 07:20:16;1;7;1;0;355;234;58;63;1165;180376;/home/jesus/faculdade/grupo-pesquisa/Egov/analize_sites_Egov/webscrap_amaweb/saida_mt/2026-09-20/02-41-56/amaweb_www.novabrasilandia.mt.gov.br_165.json;/home/jesus/faculdade/grupo-pesquisa/Egov/analize_sites_Egov/webscrap_amaweb/saida_mt/2026-09-20/02-41-56/amaweb_www.novabrasilandia.mt.gov.br_165.pdf
166;5106208;Nova Brasilândia;Legislativo;Municipal;Câmara Municipal de Nova Brasilândia;0.6951999999999999;Intermediário;https://www.novabrasilandia.mt.leg.br/;;Sem JSON associado;Sem resultado AMAWeb;;;;;10;;;;;;;;;;;
167;5106216;Nova Canaã do Norte;Executivo;Municipal;Prefeitura Municipal de Nova Canaã do Norte;0.7462000000000001;Intermediário;https://www.novacanaadonorte.mt.gov.br/home;https://www.novacanaadonorte.mt.gov.br/home;URL exata;Conteúdo institucional avaliado;6.7;6.7;Prefeitura Municipal de Nova Canaã do Norte;2026-09-20 07:20:39;1;5;1;0;271;77;194;0;686;442059;/home/jesus/faculdade/grupo-pesquisa/Egov/analize_sites_Egov/webscrap_amaweb/saida_mt/2026-09-20/02-41-56/amaweb_www.novacanaadonorte.mt.gov.br_167.json;/home/jesus/faculdade/grupo-pesquisa/Egov/analize_sites_Egov/webscrap_amaweb/saida_mt/2026-09-20/02-41-56/amaweb_www.novacanaadonorte.mt.gov.br_167.pdf
168;5106216;Nova Canaã do Norte;Legislativo;Municipal;Câmara Municipal de Nova Canaã do Norte;0.6962999999999999;Intermediário;https://www.camaranovacanaa.mt.gov.br/;https://www.camaranovacanaa.mt.gov.br/;URL exata;Conteúdo institucional avaliado;7.9;7.9;Câmara Municipal de Nova Canaã do Norte - Câmara Municipal de Nova Canaã do Norte;2026-09-20 07:21:58;1;4;2;1;714;578;75;61;3643;1891385;/home/jesus/faculdade/grupo-pesquisa/Egov/analize_sites_Egov/webscrap_amaweb/saida_mt/2026-09-20/02-41-56/amaweb_www.camaranovacanaa.mt.gov.br_168.json;/home/jesus/faculdade/grupo-pesquisa/Egov/analize_sites_Egov/webscrap_amaweb/saida_mt/2026-09-20/02-41-56/amaweb_www.camaranovacanaa.mt.gov.br_168.pdf
169;5108808;Nova Guarita;Executivo;Municipal;Prefeitura Municipal de Nova Guarita;0.8299;Prata;https://www.novaguarita.mt.gov.br/;https://www.novaguarita.mt.gov.br/;URL exata;Conteúdo institucional avaliado;7.5;7.5;Página Inicial - Prefeitura de Nova Guarita - MT;2026-09-20 07:21:22;1;8;1;0;496;394;52;50;1274;202574;/home/jesus/faculdade/grupo-pesquisa/Egov/analize_sites_Egov/webscrap_amaweb/saida_mt/2026-09-20/02-41-56/amaweb_www.novaguarita.mt.gov.br_169.json;/home/jesus/faculdade/grupo-pesquisa/Egov/analize_sites_Egov/webscrap_amaweb/saida_mt/2026-09-20/02-41-56/amaweb_www.novaguarita.mt.gov.br_169.pdf
170;5108808;Nova Guarita;Legislativo;Municipal;Câmara Municipal de Nova Guarita;0.7536;Prata;https://www.novaguarita.mt.leg.br/;https://www.novaguarita.mt.leg.br/;URL exata;Conteúdo institucional avaliado;7.5;7.5;Câmara Municipal de Nova Guarita — CÂMARA MUNICIPAL DE NOVA GUARITA - MT;2026-09-20 07:21:05;1;9;1;0;482;306;165;11;714;86521;/home/jesus/faculdade/grupo-pesquisa/Egov/analize_sites_Egov/webscrap_amaweb/saida_mt/2026-09-20/02-41-56/amaweb_www.novaguarita.mt.leg.br_170.json;/home/jesus/faculdade/grupo-pesquisa/Egov/analize_sites_Egov/webscrap_amaweb/saida_mt/2026-09-20/02-41-56/amaweb_www.novaguarita.mt.leg.br_170.pdf
171;5106182;Nova Lacerda;Consórcios;Municipal;Consórcio Intermunicipal de Desenvolvimento Econômico, Social e Ambiental Vale do Guaporé;0.5118;Intermediário;https://cidesa.com.br/;;Sem JSON associado;Sem resultado AMAWeb;;;;;10;;;;;;;;;;;
172;5106182;Nova Lacerda;Executivo;Municipal;Prefeitura Municipal de Nova Lacerda;0.257;Inicial;https://www.novalacerda.mt.gov.br/Home/;https://www.novalacerda.mt.gov.br/Home/;URL exata;Conteúdo institucional avaliado;8.5;8.5;Página Inicial - Prefeitura Municipal de Nova Lacerda - MT;2026-09-20 07:22:10;1;5;0;0;378;328;20;30;1209;237487;/home/jesus/faculdade/grupo-pesquisa/Egov/analize_sites_Egov/webscrap_amaweb/saida_mt/2026-09-20/02-41-56/amaweb_www.novalacerda.mt.gov.br_172.json;/home/jesus/faculdade/grupo-pesquisa/Egov/analize_sites_Egov/webscrap_amaweb/saida_mt/2026-09-20/02-41-56/amaweb_www.novalacerda.mt.gov.br_172.pdf
173;5106182;Nova Lacerda;Legislativo;Municipal;Câmara Municipal de Nova Lacerda;0.2705;Inicial;https://www.novalacerda.mt.leg.br/;;Sem JSON associado;Sem resultado AMAWeb;;;;;10;;;;;;;;;;;
174;5108857;Nova Marilândia;Executivo;Municipal;Prefeitura Municipal de Nova Marilândia;0.7986;Prata;https://www.novamarilandia.mt.gov.br/;https://www.novamarilandia.mt.gov.br/;URL exata;Conteúdo institucional avaliado;8.2;8.2;Página Inicial - Prefeitura de Nova Marilândia - MT;2026-09-20 07:22:53;1;7;1;0;645;536;89;20;1678;281135;/home/jesus/faculdade/grupo-pesquisa/Egov/analize_sites_Egov/webscrap_amaweb/saida_mt/2026-09-20/02-41-56/amaweb_www.novamarilandia.mt.gov.br_174.json;/home/jesus/faculdade/grupo-pesquisa/Egov/analize_sites_Egov/webscrap_amaweb/saida_mt/2026-09-20/02-41-56/amaweb_www.novamarilandia.mt.gov.br_174.pdf
175;5108857;Nova Marilândia;Legislativo;Municipal;Câmara Municipal de Nova Marilândia;0.8309000000000001;Prata;https://novamarilandia.mt.leg.br/;https://novamarilandia.mt.leg.br/;URL exata;Conteúdo institucional avaliado;5.6;5.6;Câmara Municipal de Nova Marilândia;2026-09-20 07:22:38;1;12;1;1;387;143;218;26;1024;84871;/home/jesus/faculdade/grupo-pesquisa/Egov/analize_sites_Egov/webscrap_amaweb/saida_mt/2026-09-20/02-41-56/amaweb_novamarilandia.mt.leg.br_175.json;/home/jesus/faculdade/grupo-pesquisa/Egov/analize_sites_Egov/webscrap_amaweb/saida_mt/2026-09-20/02-41-56/amaweb_novamarilandia.mt.leg.br_175.pdf
176;5108907;Nova Maringá;Executivo;Municipal;Prefeitura Municipal de Nova Maringá;0.9305;Ouro;https://www.novamaringa.mt.gov.br/;https://www.novamaringa.mt.gov.br/;URL exata;Conteúdo institucional avaliado;8.0;8.0;Página Inicial - Prefeitura de Nova Maringá - MT;2026-09-20 07:22:50;1;7;0;0;679;594;35;50;1570;282623;/home/jesus/faculdade/grupo-pesquisa/Egov/analize_sites_Egov/webscrap_amaweb/saida_mt/2026-09-20/02-41-56/amaweb_www.novamaringa.mt.gov.br_176.json;/home/jesus/faculdade/grupo-pesquisa/Egov/analize_sites_Egov/webscrap_amaweb/saida_mt/2026-09-20/02-41-56/amaweb_www.novamaringa.mt.gov.br_176.pdf
177;5108907;Nova Maringá;Legislativo;Municipal;Câmara Municipal de Nova Maringá;0.8321999999999999;Elevado;https://www.novamaringa.mt.leg.br/;https://www.novamaringa.mt.leg.br/;URL exata;Conteúdo institucional avaliado;8.0;8.0;Câmara Municipal de Nova Maringá;2026-09-20 07:23:11;1;7;1;0;459;321;126;12;706;77282;/home/jesus/faculdade/grupo-pesquisa/Egov/analize_sites_Egov/webscrap_amaweb/saida_mt/2026-09-20/02-41-56/amaweb_www.novamaringa.mt.leg.br_177.json;/home/jesus/faculdade/grupo-pesquisa/Egov/analize_sites_Egov/webscrap_amaweb/saida_mt/2026-09-20/02-41-56/amaweb_www.novamaringa.mt.leg.br_177.pdf
178;5108956;Nova Monte Verde;Executivo;Municipal;Prefeitura Municipal de Nova Monte Verde;0.9521;Diamante;https://www.novamonteverde.mt.gov.br/;https://www.novamonteverde.mt.gov.br/;URL exata;Conteúdo institucional avaliado;8.1;8.1;Página Inicial - Prefeitura Municipal de Nova Monte Verde;2026-09-20 07:23:28;1;6;2;1;468;331;103;34;1188;164835;/home/jesus/faculdade/grupo-pesquisa/Egov/analize_sites_Egov/webscrap_amaweb/saida_mt/2026-09-20/02-41-56/amaweb_www.novamonteverde.mt.gov.br_178.json;/home/jesus/faculdade/grupo-pesquisa/Egov/analize_sites_Egov/webscrap_amaweb/saida_mt/2026-09-20/02-41-56/amaweb_www.novamonteverde.mt.gov.br_178.pdf
179;5108956;Nova Monte Verde;Legislativo;Municipal;Câmara Municipal de Nova Monte Verde;0.8595;Ouro;https://www.novamonteverde.mt.leg.br/;https://www.novamonteverde.mt.leg.br/;URL exata;Conteúdo institucional avaliado;7.6;7.6;Página Inicial — Câmara Municipal;2026-09-20 07:23:27;1;10;1;0;369;286;75;8;837;117001;/home/jesus/faculdade/grupo-pesquisa/Egov/analize_sites_Egov/webscrap_amaweb/saida_mt/2026-09-20/02-41-56/amaweb_www.novamonteverde.mt.leg.br_179.json;/home/jesus/faculdade/grupo-pesquisa/Egov/analize_sites_Egov/webscrap_amaweb/saida_mt/2026-09-20/02-41-56/amaweb_www.novamonteverde.mt.leg.br_179.pdf
180;5106224;Nova Mutum;Executivo;Municipal;Prefeitura Municipal de Nova Mutum;0.8384;Prata;https://www.novamutum.mt.gov.br/home;https://www.novamutum.mt.gov.br/home;URL exata;Conteúdo institucional avaliado;6.8;6.8;Prefeitura Municipal de Nova Mutum;2026-09-20 07:23:56;1;8;1;0;533;284;249;0;1049;251248;/home/jesus/faculdade/grupo-pesquisa/Egov/analize_sites_Egov/webscrap_amaweb/saida_mt/2026-09-20/02-41-56/amaweb_www.novamutum.mt.gov.br_180.json;/home/jesus/faculdade/grupo-pesquisa/Egov/analize_sites_Egov/webscrap_amaweb/saida_mt/2026-09-20/02-41-56/amaweb_www.novamutum.mt.gov.br_180.pdf
181;5106224;Nova Mutum;Legislativo;Municipal;Câmara Municipal de Nova Mutum;0.8062999999999999;Prata;https://novamutum.mt.leg.br/#/home;https://novamutum.mt.leg.br/#/home;URL exata;Conteúdo institucional avaliado;7.4;7.4;Câmara de Vereadores de Nova Mutum;2026-09-20 07:23:52;1;7;1;0;384;188;191;5;1001;132912;/home/jesus/faculdade/grupo-pesquisa/Egov/analize_sites_Egov/webscrap_amaweb/saida_mt/2026-09-20/02-41-56/amaweb_novamutum.mt.leg.br_181.json;/home/jesus/faculdade/grupo-pesquisa/Egov/analize_sites_Egov/webscrap_amaweb/saida_mt/2026-09-20/02-41-56/amaweb_novamutum.mt.leg.br_181.pdf
182;5106174;Nova Nazaré;Executivo;Municipal;Prefeitura Municipal de Nova Nazaré;0.8639;Ouro;https://www.novanazare.mt.gov.br/;https://www.novanazare.mt.gov.br/;URL exata;Conteúdo institucional avaliado;8.7;8.7;Página Inicial - Prefeitura Municipal de Nova Nazaré;2026-09-20 07:24:02;1;4;1;1;466;399;41;26;1295;212902;/home/jesus/faculdade/grupo-pesquisa/Egov/analize_sites_Egov/webscrap_amaweb/saida_mt/2026-09-20/02-41-56/amaweb_www.novanazare.mt.gov.br_182.json;/home/jesus/faculdade/grupo-pesquisa/Egov/analize_sites_Egov/webscrap_amaweb/saida_mt/2026-09-20/02-41-56/amaweb_www.novanazare.mt.gov.br_182.pdf
183;5106174;Nova Nazaré;Legislativo;Municipal;Câmara Municipal de Nova Nazaré;0.48840000000000006;Básico;https://www.novanazare.mt.leg.br/;https://www.novanazare.mt.leg.br/;URL exata;Conteúdo institucional avaliado;7.8;7.8;Câmara Municipal de Nova Nazaré;2026-09-20 07:24:33;1;8;0;0;331;281;34;16;948;101832;/home/jesus/faculdade/grupo-pesquisa/Egov/analize_sites_Egov/webscrap_amaweb/saida_mt/2026-09-20/02-41-56/amaweb_www.novanazare.mt.leg.br_183.json;/home/jesus/faculdade/grupo-pesquisa/Egov/analize_sites_Egov/webscrap_amaweb/saida_mt/2026-09-20/02-41-56/amaweb_www.novanazare.mt.leg.br_183.pdf
184;5106232;Nova Olímpia;Executivo;Municipal;Prefeitura Municipal de Nova Olímpia;0.9267;Ouro;https://www.novaolimpia.mt.gov.br/;https://www.novaolimpia.mt.gov.br/;URL exata;Conteúdo institucional avaliado;8.1;8.1;Página Inicial - Prefeitura de Nova Olímpia - MT;2026-09-20 07:24:32;1;6;0;1;568;369;160;39;1466;272392;/home/jesus/faculdade/grupo-pesquisa/Egov/analize_sites_Egov/webscrap_amaweb/saida_mt/2026-09-20/02-41-56/amaweb_www.novaolimpia.mt.gov.br_184.json;/home/jesus/faculdade/grupo-pesquisa/Egov/analize_sites_Egov/webscrap_amaweb/saida_mt/2026-09-20/02-41-56/amaweb_www.novaolimpia.mt.gov.br_184.pdf
185;5106232;Nova Olímpia;Legislativo;Municipal;Câmara Municipal de Nova Olímpia;0.9813;Diamante;https://camaranovaolimpia.mt.gov.br/;https://camaranovaolimpia.mt.gov.br/;URL exata;Conteúdo institucional avaliado;7.5;7.5;Câmara Municipal de Nova Olímpia - MT | Gestão 2025-2026;2026-09-20 07:24:31;1;9;1;0;389;223;142;24;735;101686;/home/jesus/faculdade/grupo-pesquisa/Egov/analize_sites_Egov/webscrap_amaweb/saida_mt/2026-09-20/02-41-56/amaweb_camaranovaolimpia.mt.gov.br_185.json;/home/jesus/faculdade/grupo-pesquisa/Egov/analize_sites_Egov/webscrap_amaweb/saida_mt/2026-09-20/02-41-56/amaweb_camaranovaolimpia.mt.gov.br_185.pdf
186;5106190;Nova Santa Helena;Executivo;Municipal;Prefeitura Municipal de Nova Santa Helena;0.8051999999999999;Prata;https://www.novasantahelena.mt.gov.br/;https://www.novasantahelena.mt.gov.br/;URL exata;Conteúdo institucional avaliado;8.9;8.9;Página Inicial - Prefeitura de Nova Santa Helena Nova Santa Helena - MT;2026-09-20 07:25:05;1;4;1;0;445;355;18;72;1456;209420;/home/jesus/faculdade/grupo-pesquisa/Egov/analize_sites_Egov/webscrap_amaweb/saida_mt/2026-09-20/02-41-56/amaweb_www.novasantahelena.mt.gov.br_186.json;/home/jesus/faculdade/grupo-pesquisa/Egov/analize_sites_Egov/webscrap_amaweb/saida_mt/2026-09-20/02-41-56/amaweb_www.novasantahelena.mt.gov.br_186.pdf
187;5106190;Nova Santa Helena;Legislativo;Municipal;Câmara Municipal de Nova Santa Helena;0.737;Intermediário;https://www.novasantahelena.mt.leg.br/;https://www.novasantahelena.mt.leg.br/;URL exata;Conteúdo institucional avaliado;7.8;7.8;Página Inicial — CÂMARA MUNICIPAL DE NOVA SANTA HELENA - MT;2026-09-20 07:24:52;1;7;1;0;384;326;46;12;801;90716;/home/jesus/faculdade/grupo-pesquisa/Egov/analize_sites_Egov/webscrap_amaweb/saida_mt/2026-09-20/02-41-56/amaweb_www.novasantahelena.mt.leg.br_187.json;/home/jesus/faculdade/grupo-pesquisa/Egov/analize_sites_Egov/webscrap_amaweb/saida_mt/2026-09-20/02-41-56/amaweb_www.novasantahelena.mt.leg.br_187.pdf
188;5106240;Nova Ubiratã;Executivo;Municipal;Prefeitura Municipal de Nova Ubiratã;0.972;Diamante;https://www.novaubirata.mt.gov.br/;;Sem JSON associado;Sem resultado AMAWeb;;;;;10;;;;;;;;;;;
189;5106240;Nova Ubiratã;Legislativo;Municipal;Câmara Municipal de Nova Ubiratã;0.6502;Intermediário;https://www.novaubirata.mt.leg.br/#/home;https://www.novaubirata.mt.leg.br/#/home;URL exata;Conteúdo institucional avaliado;7.0;7.0;Câmara de Vereadores de Nova Ubiratã;2026-09-20 07:25:26;1;10;1;1;415;142;256;17;1058;107181;/home/jesus/faculdade/grupo-pesquisa/Egov/analize_sites_Egov/webscrap_amaweb/saida_mt/2026-09-20/02-41-56/amaweb_www.novaubirata.mt.leg.br_189.json;/home/jesus/faculdade/grupo-pesquisa/Egov/analize_sites_Egov/webscrap_amaweb/saida_mt/2026-09-20/02-41-56/amaweb_www.novaubirata.mt.leg.br_189.pdf
190;5106257;Nova Xavantina;Executivo;Municipal;Prefeitura Municipal de Nova Xavantina;0.951;Diamante;https://www.novaxavantina.mt.gov.br/;https://www.novaxavantina.mt.gov.br/;URL exata;Conteúdo institucional avaliado;7.4;7.4;Página Inicial - Prefeitura de Nova Xavantina - MT;2026-09-20 07:25:42;1;9;1;1;851;631;85;135;1826;313005;/home/jesus/faculdade/grupo-pesquisa/Egov/analize_sites_Egov/webscrap_amaweb/saida_mt/2026-09-20/02-41-56/amaweb_www.novaxavantina.mt.gov.br_190.json;/home/jesus/faculdade/grupo-pesquisa/Egov/analize_sites_Egov/webscrap_amaweb/saida_mt/2026-09-20/02-41-56/amaweb_www.novaxavantina.mt.gov.br_190.pdf
191;5106257;Nova Xavantina;Legislativo;Municipal;Câmara Municipal de Nova Xavantina;0.9512999999999999;Diamante;https://www.novaxavantina.mt.leg.br/;https://www.novaxavantina.mt.leg.br/;URL exata;Conteúdo institucional avaliado;8.0;8.0;Câmara Municipal de Nova Xavantina;2026-09-20 07:25:51;1;9;1;0;319;290;16;13;962;113215;/home/jesus/faculdade/grupo-pesquisa/Egov/analize_sites_Egov/webscrap_amaweb/saida_mt/2026-09-20/02-41-56/amaweb_www.novaxavantina.mt.leg.br_191.json;/home/jesus/faculdade/grupo-pesquisa/Egov/analize_sites_Egov/webscrap_amaweb/saida_mt/2026-09-20/02-41-56/amaweb_www.novaxavantina.mt.leg.br_191.pdf
192;5106273;Novo Horizonte do Norte;Executivo;Municipal;Prefeitura Municipal de Novo Horizonte do Norte;0.6844;Intermediário;https://www.novohorizontedonorte.mt.gov.br/transparencia;https://www.novohorizontedonorte.mt.gov.br/transparencia;URL exata;Conteúdo institucional avaliado;7.2;7.2;Portal da Transparência;2026-09-20 07:25:53;1;6;1;1;559;123;324;112;881;101991;/home/jesus/faculdade/grupo-pesquisa/Egov/analize_sites_Egov/webscrap_amaweb/saida_mt/2026-09-20/02-41-56/amaweb_www.novohorizontedonorte.mt.gov.br_192.json;/home/jesus/faculdade/grupo-pesquisa/Egov/analize_sites_Egov/webscrap_amaweb/saida_mt/2026-09-20/02-41-56/amaweb_www.novohorizontedonorte.mt.gov.br_192.pdf
193;5106273;Novo Horizonte do Norte;Legislativo;Municipal;Câmara Municipal de Novo Horizonte do Norte;0.5186;Intermediário;https://www.camaranovohorizontedonorte.mt.gov.br/;https://www.camaranovohorizontedonorte.mt.gov.br/;URL exata;Conteúdo institucional avaliado;7.7;7.7;Câmara Municipal de Novo Horizonte do Norte;2026-09-20 07:26:06;1;4;1;1;170;48;107;15;500;43018;/home/jesus/faculdade/grupo-pesquisa/Egov/analize_sites_Egov/webscrap_amaweb/saida_mt/2026-09-20/02-41-56/amaweb_www.camaranovohorizontedonorte.mt.gov.br_193.json;/home/jesus/faculdade/grupo-pesquisa/Egov/analize_sites_Egov/webscrap_amaweb/saida_mt/2026-09-20/02-41-56/amaweb_www.camaranovohorizontedonorte.mt.gov.br_193.pdf
194;5106265;Novo Mundo;Legislativo;Municipal;Câmara Municipal de Novo Mundo;0.7073;Intermediário;https://www.novomundo.mt.leg.br/;https://www.novomundo.mt.leg.br/;URL exata;Conteúdo institucional avaliado;7.4;7.4;Câmara Municipal de Novo Mundo;2026-09-20 07:27:31;1;9;2;0;945;533;320;92;3519;451782;/home/jesus/faculdade/grupo-pesquisa/Egov/analize_sites_Egov/webscrap_amaweb/saida_mt/2026-09-20/02-41-56/amaweb_www.novomundo.mt.leg.br_194.json;/home/jesus/faculdade/grupo-pesquisa/Egov/analize_sites_Egov/webscrap_amaweb/saida_mt/2026-09-20/02-41-56/amaweb_www.novomundo.mt.leg.br_194.pdf
195;5106315;Novo Santo Antônio;Executivo;Municipal;Prefeitura Municipal de Novo Santo Antônio;0.7444;Intermediário;https://www.novosantoantonio.mt.gov.br/;https://www.novosantoantonio.mt.gov.br/;URL exata;Conteúdo institucional avaliado;8.4;8.4;Página Principal - Prefeitura de Novo Santo Antônio;2026-09-20 07:26:24;1;5;1;0;345;274;61;10;954;91916;/home/jesus/faculdade/grupo-pesquisa/Egov/analize_sites_Egov/webscrap_amaweb/saida_mt/2026-09-20/02-41-56/amaweb_www.novosantoantonio.mt.gov.br_195.json;/home/jesus/faculdade/grupo-pesquisa/Egov/analize_sites_Egov/webscrap_amaweb/saida_mt/2026-09-20/02-41-56/amaweb_www.novosantoantonio.mt.gov.br_195.pdf
196;5106315;Novo Santo Antônio;Legislativo;Municipal;Câmara Municipal de Novo Santo Antônio;0.4733;Básico;https://novosantoantonio.mt.leg.br/;;Sem JSON associado;Sem resultado AMAWeb;;;;;10;;;;;;;;;;;
197;5106281;Novo São Joaquim;Executivo;Municipal;Prefeitura Municipal de Novo São Joaquim;0.9053;Ouro;https://www.novosaojoaquim.mt.gov.br/;https://novosaojoaquim.mt.gov.br/;URL exata;Conteúdo institucional avaliado;7.6;7.6;Página Inicial - Prefeitura Municipal de Novo São Joaquim | Gestão 2025-2028;2026-09-20 07:27:04;1;6;2;1;333;242;51;40;1085;270703;/home/jesus/faculdade/grupo-pesquisa/Egov/analize_sites_Egov/webscrap_amaweb/saida_mt/2026-09-20/02-41-56/amaweb_www.novosaojoaquim.mt.gov.br_197.json;/home/jesus/faculdade/grupo-pesquisa/Egov/analize_sites_Egov/webscrap_amaweb/saida_mt/2026-09-20/02-41-56/amaweb_www.novosaojoaquim.mt.gov.br_197.pdf
198;5106281;Novo São Joaquim;Legislativo;Municipal;Câmara Municipal de Novo São Joaquim;0.5305;Intermediário;https://camaranovosaojoaquim.mt.gov.br/;https://camaranovosaojoaquim.mt.gov.br/;URL exata;Conteúdo institucional avaliado;7.4;7.4;Página Inicial - Câmara Municipal de Novo São Joaquim | Gestão 2025-2026;2026-09-20 07:27:24;1;6;2;1;396;294;70;32;1097;973253;/home/jesus/faculdade/grupo-pesquisa/Egov/analize_sites_Egov/webscrap_amaweb/saida_mt/2026-09-20/02-41-56/amaweb_camaranovosaojoaquim.mt.gov.br_198.json;/home/jesus/faculdade/grupo-pesquisa/Egov/analize_sites_Egov/webscrap_amaweb/saida_mt/2026-09-20/02-41-56/amaweb_camaranovosaojoaquim.mt.gov.br_198.pdf
199;5106307;Paranatinga;Executivo;Municipal;Prefeitura Municipal de Paranatinga;0.4804;Básico;https://www.paranatinga.mt.gov.br/;https://www.paranatinga.mt.gov.br/;URL exata;Conteúdo institucional avaliado;7.9;7.9;Página Inicial - Prefeitura Municipal de Paranatinga - MT;2026-09-20 07:27:35;1;7;1;0;356;246;62;48;947;210076;/home/jesus/faculdade/grupo-pesquisa/Egov/analize_sites_Egov/webscrap_amaweb/saida_mt/2026-09-20/02-41-56/amaweb_www.paranatinga.mt.gov.br_199.json;/home/jesus/faculdade/grupo-pesquisa/Egov/analize_sites_Egov/webscrap_amaweb/saida_mt/2026-09-20/02-41-56/amaweb_www.paranatinga.mt.gov.br_199.pdf
200;5106307;Paranatinga;Legislativo;Municipal;Câmara Municipal de Paranatinga;0.797;Elevado;https://www.paranatinga.mt.leg.br/;https://www.paranatinga.mt.leg.br/;URL exata;Conteúdo institucional avaliado;7.7;7.7;Página Inicial — Câmara Municipal de Paranatinga;2026-09-20 07:28:31;1;9;0;0;374;312;44;18;771;86224;/home/jesus/faculdade/grupo-pesquisa/Egov/analize_sites_Egov/webscrap_amaweb/saida_mt/2026-09-20/02-41-56/amaweb_www.paranatinga.mt.leg.br_200.json;/home/jesus/faculdade/grupo-pesquisa/Egov/analize_sites_Egov/webscrap_amaweb/saida_mt/2026-09-20/02-41-56/amaweb_www.paranatinga.mt.leg.br_200.pdf
201;5106299;Paranaíta;Executivo;Municipal;Prefeitura Municipal de Paranaíta;0.9723;Diamante;https://www.paranaita.mt.gov.br/;https://www.paranaita.mt.gov.br/;URL exata;Conteúdo institucional avaliado;7.1;7.1;Página Principal - Prefeitura de Paranaíta;2026-09-20 07:28:35;1;9;1;0;579;360;193;26;1940;967214;/home/jesus/faculdade/grupo-pesquisa/Egov/analize_sites_Egov/webscrap_amaweb/saida_mt/2026-09-20/02-41-56/amaweb_www.paranaita.mt.gov.br_201.json;/home/jesus/faculdade/grupo-pesquisa/Egov/analize_sites_Egov/webscrap_amaweb/saida_mt/2026-09-20/02-41-56/amaweb_www.paranaita.mt.gov.br_201.pdf
202;5106299;Paranaíta;Legislativo;Municipal;Câmara Municipal de Paranaíta;0.9853000000000001;Diamante;https://paranaita.mt.leg.br/;https://paranaita.mt.leg.br/;URL exata;Conteúdo institucional avaliado;7.6;7.6;Início - Câmara Municipal de Paranaíta - MT;2026-09-20 07:28:32;1;7;2;1;978;836;101;41;1898;215930;/home/jesus/faculdade/grupo-pesquisa/Egov/analize_sites_Egov/webscrap_amaweb/saida_mt/2026-09-20/02-41-56/amaweb_paranaita.mt.leg.br_202.json;/home/jesus/faculdade/grupo-pesquisa/Egov/analize_sites_Egov/webscrap_amaweb/saida_mt/2026-09-20/02-41-56/amaweb_paranaita.mt.leg.br_202.pdf
203;5106372;Pedra Preta;Executivo;Municipal;Prefeitura Municipal de Pedra Preta;0.6987000000000001;Intermediário;https://www.pedrapreta.mt.gov.br/;https://www.pedrapreta.mt.gov.br/;URL exata;Conteúdo institucional avaliado;6.1;6.1;Prefeitura Municipal de Pedra Preta;2026-09-20 07:29:07;1;11;1;1;1099;787;248;64;1335;130988;/home/jesus/faculdade/grupo-pesquisa/Egov/analize_sites_Egov/webscrap_amaweb/saida_mt/2026-09-20/02-41-56/amaweb_www.pedrapreta.mt.gov.br_203.json;/home/jesus/faculdade/grupo-pesquisa/Egov/analize_sites_Egov/webscrap_amaweb/saida_mt/2026-09-20/02-41-56/amaweb_www.pedrapreta.mt.gov.br_203.pdf
204;5106372;Pedra Preta;Legislativo;Municipal;Câmara Municipal de Pedra Preta;0.9066;Ouro;https://pedrapreta.mt.leg.br/;https://pedrapreta.mt.leg.br/;URL exata;Conteúdo institucional avaliado;7.3;7.3;Início - Câmara Municipal de Pedra Preta - MT;2026-09-20 07:29:34;1;8;2;1;857;737;87;33;1399;155458;/home/jesus/faculdade/grupo-pesquisa/Egov/analize_sites_Egov/webscrap_amaweb/saida_mt/2026-09-20/02-41-56/amaweb_pedrapreta.mt.leg.br_204.json;/home/jesus/faculdade/grupo-pesquisa/Egov/analize_sites_Egov/webscrap_amaweb/saida_mt/2026-09-20/02-41-56/amaweb_pedrapreta.mt.leg.br_204.pdf
205;5106422;Peixoto de Azevedo;Consórcios;Municipal;Consórcio Intermunicipal de Saúde do Vale do Peixoto;0.4645;Básico;https://www.cisvaledopeixoto.com.br/;https://www.cisvaledopeixoto.com.br/;URL exata;Conteúdo institucional avaliado;6.5;6.5;Consórcio Intermunicipal de Saúde da Região do Vale do Peixoto;2026-09-20 07:29:04;1;11;1;0;794;552;212;30;915;80830;/home/jesus/faculdade/grupo-pesquisa/Egov/analize_sites_Egov/webscrap_amaweb/saida_mt/2026-09-20/02-41-56/amaweb_www.cisvaledopeixoto.com.br_205.json;/home/jesus/faculdade/grupo-pesquisa/Egov/analize_sites_Egov/webscrap_amaweb/saida_mt/2026-09-20/02-41-56/amaweb_www.cisvaledopeixoto.com.br_205.pdf
206;5106422;Peixoto de Azevedo;Executivo;Municipal;Prefeitura Municipal de Peixoto de Azevedo;0.7016;Intermediário;https://www.peixotodeazevedo.mt.gov.br/;https://www.peixotodeazevedo.mt.gov.br/;URL exata;Conteúdo institucional avaliado;8.3;8.3;Página Inicial - Prefeitura de Peixoto de Azevedo - MT;2026-09-20 07:29:36;1;5;1;1;412;296;66;50;924;170606;/home/jesus/faculdade/grupo-pesquisa/Egov/analize_sites_Egov/webscrap_amaweb/saida_mt/2026-09-20/02-41-56/amaweb_www.peixotodeazevedo.mt.gov.br_206.json;/home/jesus/faculdade/grupo-pesquisa/Egov/analize_sites_Egov/webscrap_amaweb/saida_mt/2026-09-20/02-41-56/amaweb_www.peixotodeazevedo.mt.gov.br_206.pdf
207;5106422;Peixoto de Azevedo;Legislativo;Municipal;Câmara Municipal de Peixoto de Azevedo;0.8878;Ouro;https://www.camarapeixotodeazevedo.mt.gov.br/;https://www.camarapeixotodeazevedo.mt.gov.br/;URL exata;Conteúdo institucional avaliado;8.1;8.1;Página Inicial - Câmara Municipal de Peixoto de Azevedo - MT;2026-09-20 07:29:39;1;6;1;0;443;315;95;33;1272;443354;/home/jesus/faculdade/grupo-pesquisa/Egov/analize_sites_Egov/webscrap_amaweb/saida_mt/2026-09-20/02-41-56/amaweb_www.camarapeixotodeazevedo.mt.gov.br_207.json;/home/jesus/faculdade/grupo-pesquisa/Egov/analize_sites_Egov/webscrap_amaweb/saida_mt/2026-09-20/02-41-56/amaweb_www.camarapeixotodeazevedo.mt.gov.br_207.pdf
208;5106455;Planalto da Serra;Executivo;Municipal;Prefeitura Municipal de Planalto da Serra;0.8140999999999999;Elevado;https://www.planaltodaserra.mt.gov.br;;Sem JSON associado;Sem resultado AMAWeb;;;;;10;;;;;;;;;;;
209;5106455;Planalto da Serra;Legislativo;Municipal;Câmara Municipal de Planalto da Serra;0.24230000000000002;Inicial;https://camaraplanaltodaserra.mt.gov.br/;;Sem JSON associado;Sem resultado AMAWeb;;;;;10;;;;;;;;;;;
210;5106505;Poconé;Executivo;Municipal;Prefeitura Municipal de Poconé;0.802;Elevado;https://www.pocone.mt.gov.br/;https://www.pocone.mt.gov.br/;URL exata;Bloqueio Cloudflare;9.6;;Access denied | www.pocone.mt.gov.br used Cloudflare to restrict access | www.pocone.mt.gov.br | Cloudflare;2026-09-20 07:29:52;1;0;1;0;61;30;28;3;49;6634;/home/jesus/faculdade/grupo-pesquisa/Egov/analize_sites_Egov/webscrap_amaweb/saida_mt/2026-09-20/02-41-56/amaweb_www.pocone.mt.gov.br_210.json;/home/jesus/faculdade/grupo-pesquisa/Egov/analize_sites_Egov/webscrap_amaweb/saida_mt/2026-09-20/02-41-56/amaweb_www.pocone.mt.gov.br_210.pdf
211;5106505;Poconé;Legislativo;Municipal;Câmara Municipal de Poconé;0.802;Elevado;https://www.pocone.mt.leg.br/;https://www.pocone.mt.leg.br/;URL exata;Conteúdo institucional avaliado;7.9;7.9;Página Inicial — Câmara Municipal de Poconé;2026-09-20 07:30:23;1;7;0;1;660;581;65;14;915;93943;/home/jesus/faculdade/grupo-pesquisa/Egov/analize_sites_Egov/webscrap_amaweb/saida_mt/2026-09-20/02-41-56/amaweb_www.pocone.mt.leg.br_211.json;/home/jesus/faculdade/grupo-pesquisa/Egov/analize_sites_Egov/webscrap_amaweb/saida_mt/2026-09-20/02-41-56/amaweb_www.pocone.mt.leg.br_211.pdf
212;5106653;Pontal do Araguaia;Executivo;Municipal;Prefeitura Municipal de Pontal do Araguaia;0.7158;Intermediário;https://www.pontaldoaraguaia.mt.gov.br/;https://www.pontaldoaraguaia.mt.gov.br/;URL exata;Conteúdo institucional avaliado;8.9;8.9;Prefeitura Municipal de Pontal Do Araguaia - MT;2026-09-20 07:31:13;1;3;1;1;360;300;48;12;1225;264909;/home/jesus/faculdade/grupo-pesquisa/Egov/analize_sites_Egov/webscrap_amaweb/saida_mt/2026-09-20/02-41-56/amaweb_www.pontaldoaraguaia.mt.gov.br_212.json;/home/jesus/faculdade/grupo-pesquisa/Egov/analize_sites_Egov/webscrap_amaweb/saida_mt/2026-09-20/02-41-56/amaweb_www.pontaldoaraguaia.mt.gov.br_212.pdf
213;5106653;Pontal do Araguaia;Legislativo;Municipal;Câmara Municipal de Pontal do Araguaia;0.5219;Intermediário;https://www.pontaldoaraguaia.mt.leg.br/;https://www.pontaldoaraguaia.mt.leg.br/;URL exata;Conteúdo institucional avaliado;8.0;8.0;Página Inicial — Câmara de Pontal do Araguaia-MT;2026-09-20 07:30:50;1;7;0;0;281;235;39;7;612;72599;/home/jesus/faculdade/grupo-pesquisa/Egov/analize_sites_Egov/webscrap_amaweb/saida_mt/2026-09-20/02-41-56/amaweb_www.pontaldoaraguaia.mt.leg.br_213.json;/home/jesus/faculdade/grupo-pesquisa/Egov/analize_sites_Egov/webscrap_amaweb/saida_mt/2026-09-20/02-41-56/amaweb_www.pontaldoaraguaia.mt.leg.br_213.pdf
214;5106703;Ponte Branca;Executivo;Municipal;Prefeitura Municipal de Ponte Branca;0.6525;Intermediário;https://www.prefeituradepontebranca-mt.com.br/;;Sem JSON associado;Sem resultado AMAWeb;;;;;10;;;;;;;;;;;
215;5106703;Ponte Branca;Legislativo;Municipal;Câmara Municipal de Ponte Branca;0.9519;Elevado;https://www.camarapontebranca.com.br/;;Sem JSON associado;Sem resultado AMAWeb;;;;;10;;;;;;;;;;;
216;5106752;Pontes e Lacerda;Consórcios;Municipal;Consórcio Intermunicipal de Saúde da Região do Vale do Guaporé;0.7215;Intermediário;https://www.cisvag.com.br/;https://www.cisvag.com.br/#/home;URL exata;Conteúdo institucional avaliado;7.3;7.3;CISVAG;2026-09-20 07:31:06;1;7;1;0;212;89;122;1;313;28189;/home/jesus/faculdade/grupo-pesquisa/Egov/analize_sites_Egov/webscrap_amaweb/saida_mt/2026-09-20/02-41-56/amaweb_www.cisvag.com.br_216.json;/home/jesus/faculdade/grupo-pesquisa/Egov/analize_sites_Egov/webscrap_amaweb/saida_mt/2026-09-20/02-41-56/amaweb_www.cisvag.com.br_216.pdf
217;5106752;Pontes e Lacerda;Executivo;Municipal;Prefeitura Municipal de Pontes e Lacerda;0.7419;Intermediário;https://www.ponteselacerda.mt.gov.br/;https://www.ponteselacerda.mt.gov.br/home;URL exata;Conteúdo institucional avaliado;6.8;6.8;Prefeitura de Pontes e Lacerda;2026-09-20 07:31:32;1;7;1;0;394;222;171;1;888;187060;/home/jesus/faculdade/grupo-pesquisa/Egov/analize_sites_Egov/webscrap_amaweb/saida_mt/2026-09-20/02-41-56/amaweb_www.ponteselacerda.mt.gov.br_217.json;/home/jesus/faculdade/grupo-pesquisa/Egov/analize_sites_Egov/webscrap_amaweb/saida_mt/2026-09-20/02-41-56/amaweb_www.ponteselacerda.mt.gov.br_217.pdf
218;5106752;Pontes e Lacerda;Legislativo;Municipal;Câmara Municipal de Pontes e Lacerda;0.9573999999999999;Diamante;https://www.ponteselacerda.mt.leg.br/;https://www.ponteselacerda.mt.leg.br/;URL exata;Conteúdo institucional avaliado;6.2;6.2;Câmara Municipal de Pontes e Lacerda;2026-09-20 07:32:29;1;11;2;1;394;98;286;10;1021;126914;/home/jesus/faculdade/grupo-pesquisa/Egov/analize_sites_Egov/webscrap_amaweb/saida_mt/2026-09-20/02-41-56/amaweb_www.ponteselacerda.mt.leg.br_218.json;/home/jesus/faculdade/grupo-pesquisa/Egov/analize_sites_Egov/webscrap_amaweb/saida_mt/2026-09-20/02-41-56/amaweb_www.ponteselacerda.mt.leg.br_218.pdf
219;5106778;Porto Alegre do Norte;Consórcios;Municipal;Consórcio Intermunicipal de Desenvolvimento Econômico Social Ambiental Norte Araguaia;0.0862;Inicial;https://cidesana.com.br/#/home;https://cidesana.com.br/#/home;URL exata;Conteúdo institucional avaliado;7.3;7.3;Cidesa Norte Araguaia;2026-09-20 07:31:35;1;5;1;0;142;72;69;1;295;25000;/home/jesus/faculdade/grupo-pesquisa/Egov/analize_sites_Egov/webscrap_amaweb/saida_mt/2026-09-20/02-41-56/amaweb_cidesana.com.br_219.json;/home/jesus/faculdade/grupo-pesquisa/Egov/analize_sites_Egov/webscrap_amaweb/saida_mt/2026-09-20/02-41-56/amaweb_cidesana.com.br_219.pdf
220;5106778;Porto Alegre do Norte;Executivo;Municipal;Prefeitura Municipal de Porto Alegre do Norte;0.5855;Intermediário;https://www.portoalegredonorte.mt.gov.br/home;https://www.portoalegredonorte.mt.gov.br/home;URL exata;Conteúdo institucional avaliado;7.6;7.6;Página Inicial - Prefeitura de Porto Alegre do Norte - MT;2026-09-20 07:32:31;1;9;1;0;499;418;36;45;1828;331399;/home/jesus/faculdade/grupo-pesquisa/Egov/analize_sites_Egov/webscrap_amaweb/saida_mt/2026-09-20/02-41-56/amaweb_www.portoalegredonorte.mt.gov.br_220.json;/home/jesus/faculdade/grupo-pesquisa/Egov/analize_sites_Egov/webscrap_amaweb/saida_mt/2026-09-20/02-41-56/amaweb_www.portoalegredonorte.mt.gov.br_220.pdf
221;5106778;Porto Alegre do Norte;Legislativo;Municipal;Câmara Municipal de Porto Alegre do Norte;0.6456000000000001;Intermediário;https://www.portoalegredonorte.mt.leg.br/;;Sem JSON associado;Sem resultado AMAWeb;;;;;10;;;;;;;;;;;
222;5106802;Porto dos Gaúchos;Executivo;Municipal;Prefeitura Municipal de Porto dos Gaúchos;0.5977;Intermediário;https://www.portodosgauchos.mt.gov.br/;https://www.portodosgauchos.mt.gov.br/;URL exata;Conteúdo institucional avaliado;7.4;7.4;Página Inicial - Prefeitura de Porto Dos Gaúchos - MT;2026-09-20 07:32:58;1;10;1;0;458;398;27;33;1627;278975;/home/jesus/faculdade/grupo-pesquisa/Egov/analize_sites_Egov/webscrap_amaweb/saida_mt/2026-09-20/02-41-56/amaweb_www.portodosgauchos.mt.gov.br_222.json;/home/jesus/faculdade/grupo-pesquisa/Egov/analize_sites_Egov/webscrap_amaweb/saida_mt/2026-09-20/02-41-56/amaweb_www.portodosgauchos.mt.gov.br_222.pdf
223;5106802;Porto dos Gaúchos;Legislativo;Municipal;Câmara Municipal de Porto dos Gaúchos;0.44630000000000003;Básico;https://portodosgauchos.mt.leg.br/#/home;https://portodosgauchos.mt.leg.br/#/home;URL exata;Bloqueio Cloudflare;9.6;;Access denied | portodosgauchos.mt.leg.br used Cloudflare to restrict access | portodosgauchos.mt.leg.br | Cloudflare;2026-09-20 07:32:44;1;0;1;0;61;30;28;3;49;6649;/home/jesus/faculdade/grupo-pesquisa/Egov/analize_sites_Egov/webscrap_amaweb/saida_mt/2026-09-20/02-41-56/amaweb_portodosgauchos.mt.leg.br_223.json;/home/jesus/faculdade/grupo-pesquisa/Egov/analize_sites_Egov/webscrap_amaweb/saida_mt/2026-09-20/02-41-56/amaweb_portodosgauchos.mt.leg.br_223.pdf
224;5106828;Porto Esperidião;Executivo;Municipal;Prefeitura Municipal de Porto Esperidião;0.5668;Intermediário;https://www.portoesperidiao.mt.gov.br/;https://www.portoesperidiao.mt.gov.br/;URL exata;Conteúdo institucional avaliado;9.2;9.2;Página Inicial - Prefeitura Municipal de Porto Esperidião;2026-09-20 07:33:07;1;1;2;1;514;416;49;49;1001;138854;/home/jesus/faculdade/grupo-pesquisa/Egov/analize_sites_Egov/webscrap_amaweb/saida_mt/2026-09-20/02-41-56/amaweb_www.portoesperidiao.mt.gov.br_224.json;/home/jesus/faculdade/grupo-pesquisa/Egov/analize_sites_Egov/webscrap_amaweb/saida_mt/2026-09-20/02-41-56/amaweb_www.portoesperidiao.mt.gov.br_224.pdf
225;5106828;Porto Esperidião;Legislativo;Municipal;Câmara Municipal de Porto Esperidião;0.6317;Intermediário;https://www.camaraportoesperidiao.mt.gov.br/;https://www.camaraportoesperidiao.mt.gov.br/;URL exata;Conteúdo institucional avaliado;8.7;8.7;Página Inicial - Câmara Municipal de Porto Esperidião - MT;2026-09-20 07:33:14;1;4;1;0;592;454;96;42;1288;213313;/home/jesus/faculdade/grupo-pesquisa/Egov/analize_sites_Egov/webscrap_amaweb/saida_mt/2026-09-20/02-41-56/amaweb_www.camaraportoesperidiao.mt.gov.br_225.json;/home/jesus/faculdade/grupo-pesquisa/Egov/analize_sites_Egov/webscrap_amaweb/saida_mt/2026-09-20/02-41-56/amaweb_www.camaraportoesperidiao.mt.gov.br_225.pdf
226;5106851;Porto Estrela;Executivo;Municipal;Prefeitura Municipal de Porto Estrela;0.8522;Ouro;https://www.portoestrela.mt.gov.br/;https://portoestrela.mt.gov.br/;URL exata;Conteúdo institucional avaliado;7.8;7.8;Prefeitura Municipal de Porto Estrela | Gestão 2025-2028;2026-09-20 08:15:30;2;4;3;1;674;494;126;54;1337;712962;/home/jesus/faculdade/grupo-pesquisa/Egov/analize_sites_Egov/webscrap_amaweb/saida_mt/2026-09-20/04-02-24/amaweb_www.portoestrela.mt.gov.br_052.json;/home/jesus/faculdade/grupo-pesquisa/Egov/analize_sites_Egov/webscrap_amaweb/saida_mt/2026-09-20/04-02-24/amaweb_www.portoestrela.mt.gov.br_052.pdf
227;5106851;Porto Estrela;Legislativo;Municipal;Câmara Municipal de Porto Estrela;0.6768000000000001;Intermediário;https://camaraportoestrela.com.br/;;Sem JSON associado;Sem resultado AMAWeb;;;;;10;;;;;;;;;;;
228;5107008;Poxoréu;Executivo;Municipal;Prefeitura Municipal de Poxoréu;0.7243999999999999;Intermediário;https://www.poxoreu.mt.gov.br/;https://www.poxoreu.mt.gov.br/;URL exata;Conteúdo institucional avaliado;7.5;7.5;Página Inicial - Prefeitura Municipal de Poxoréu - MT;2026-09-20 07:33:47;1;9;0;1;544;422;52;70;1484;243013;/home/jesus/faculdade/grupo-pesquisa/Egov/analize_sites_Egov/webscrap_amaweb/saida_mt/2026-09-20/02-41-56/amaweb_www.poxoreu.mt.gov.br_228.json;/home/jesus/faculdade/grupo-pesquisa/Egov/analize_sites_Egov/webscrap_amaweb/saida_mt/2026-09-20/02-41-56/amaweb_www.poxoreu.mt.gov.br_228.pdf
229;5107008;Poxoréu;Legislativo;Municipal;Câmara Municipal de Poxoréu;0.46240000000000003;Básico;https://poxoreu.mt.leg.br/;https://poxoreu.mt.leg.br/;URL exata;Conteúdo institucional avaliado;7.8;7.8;Câmara Municipal de Poxoréu – A Casa do Povo Poxorense;2026-09-20 07:34:08;1;6;2;1;450;190;205;55;751;120437;/home/jesus/faculdade/grupo-pesquisa/Egov/analize_sites_Egov/webscrap_amaweb/saida_mt/2026-09-20/02-41-56/amaweb_poxoreu.mt.leg.br_229.json;/home/jesus/faculdade/grupo-pesquisa/Egov/analize_sites_Egov/webscrap_amaweb/saida_mt/2026-09-20/02-41-56/amaweb_poxoreu.mt.leg.br_229.pdf
230;5107040;Primavera do Leste;Executivo;Municipal;Prefeitura Municipal de Primavera do Leste;0.6257;Intermediário;https://primaveradoleste.mt.gov.br/;https://www.primaveradoleste.mt.gov.br/;URL exata;Bloqueio Cloudflare;9.6;;Access denied | www.primaveradoleste.mt.gov.br used Cloudflare to restrict access | www.primaveradoleste.mt.gov.br | Cloudflare;2026-09-20 07:33:58;1;0;1;0;62;31;28;3;49;6664;/home/jesus/faculdade/grupo-pesquisa/Egov/analize_sites_Egov/webscrap_amaweb/saida_mt/2026-09-20/02-41-56/amaweb_primaveradoleste.mt.gov.br_230.json;/home/jesus/faculdade/grupo-pesquisa/Egov/analize_sites_Egov/webscrap_amaweb/saida_mt/2026-09-20/02-41-56/amaweb_primaveradoleste.mt.gov.br_230.pdf
231;5107040;Primavera do Leste;Legislativo;Municipal;Câmara Municipal de Primavera do Leste;0.6118;Intermediário;https://www.primaveradoleste.mt.leg.br/;https://www.primaveradoleste.mt.leg.br/;URL exata;Conteúdo institucional avaliado;8.0;8.0;Página Inicial - Câmara Municipal de Primavera do Leste - MT;2026-09-20 08:15:34;2;7;1;0;513;423;38;52;1416;221216;/home/jesus/faculdade/grupo-pesquisa/Egov/analize_sites_Egov/webscrap_amaweb/saida_mt/2026-09-20/04-02-24/amaweb_www.primaveradoleste.mt.leg.br_054.json;/home/jesus/faculdade/grupo-pesquisa/Egov/analize_sites_Egov/webscrap_amaweb/saida_mt/2026-09-20/04-02-24/amaweb_www.primaveradoleste.mt.leg.br_054.pdf
232;5107065;Querência;Executivo;Municipal;Prefeitura Municipal de Querência;0.6786;Intermediário;https://www.querencia.mt.gov.br/;https://www.querencia.mt.gov.br/;URL exata;Conteúdo institucional avaliado;5.9;5.9;Página Inicial Prefeitura Municipal de Querência;2026-09-20 07:34:36;1;14;1;0;769;485;250;34;1316;121088;/home/jesus/faculdade/grupo-pesquisa/Egov/analize_sites_Egov/webscrap_amaweb/saida_mt/2026-09-20/02-41-56/amaweb_www.querencia.mt.gov.br_232.json;/home/jesus/faculdade/grupo-pesquisa/Egov/analize_sites_Egov/webscrap_amaweb/saida_mt/2026-09-20/02-41-56/amaweb_www.querencia.mt.gov.br_232.pdf
233;5107065;Querência;Legislativo;Municipal;Câmara Municipal de Querência;0.4792;Básico;https://www.querencia.mt.leg.br/;https://www.querencia.mt.leg.br/;URL exata;Conteúdo institucional avaliado;7.6;7.6;Página Inicial — Câmara Municipal de Querência - MT;2026-09-20 07:35:03;1;10;0;0;619;541;52;26;698;74649;/home/jesus/faculdade/grupo-pesquisa/Egov/analize_sites_Egov/webscrap_amaweb/saida_mt/2026-09-20/02-41-56/amaweb_www.querencia.mt.leg.br_233.json;/home/jesus/faculdade/grupo-pesquisa/Egov/analize_sites_Egov/webscrap_amaweb/saida_mt/2026-09-20/02-41-56/amaweb_www.querencia.mt.leg.br_233.pdf
234;5107156;Reserva do Cabaçal;Executivo;Municipal;Prefeitura Municipal de Reserva do Cabaçal;0.9505;Diamante;https://www.reservadocabacal.mt.gov.br/;https://www.reservadocabacal.mt.gov.br/;URL exata;Bloqueio Cloudflare;9.6;;Access denied | www.reservadocabacal.mt.gov.br used Cloudflare to restrict access | www.reservadocabacal.mt.gov.br | Cloudflare;2026-09-20 08:37:09;3;0;1;0;61;30;28;3;51;7723;/home/jesus/faculdade/grupo-pesquisa/Egov/analize_sites_Egov/webscrap_amaweb/saida_mt/2026-09-20/04-27-25/amaweb_www.reservadocabacal.mt.gov.br_040.json;/home/jesus/faculdade/grupo-pesquisa/Egov/analize_sites_Egov/webscrap_amaweb/saida_mt/2026-09-20/04-27-25/amaweb_www.reservadocabacal.mt.gov.br_040.pdf
235;5107156;Reserva do Cabaçal;Legislativo;Municipal;Câmara Municipal de Reserva do Cabaçal;0.8244;Elevado;https://reservadocabacal.mt.leg.br/;https://reservadocabacal.mt.leg.br/;URL exata;Bloqueio Cloudflare;9.6;;Access denied | reservadocabacal.mt.leg.br used Cloudflare to restrict access | reservadocabacal.mt.leg.br | Cloudflare;2026-09-20 08:37:15;3;0;1;0;61;30;28;3;51;7711;/home/jesus/faculdade/grupo-pesquisa/Egov/analize_sites_Egov/webscrap_amaweb/saida_mt/2026-09-20/04-27-25/amaweb_reservadocabacal.mt.leg.br_041.json;/home/jesus/faculdade/grupo-pesquisa/Egov/analize_sites_Egov/webscrap_amaweb/saida_mt/2026-09-20/04-27-25/amaweb_reservadocabacal.mt.leg.br_041.pdf
236;5107180;Ribeirão Cascalheira;Executivo;Municipal;Prefeitura Municipal de Ribeirão Cascalheira;0.7223999999999999;Intermediário;https://www.ribeiraocascalheira.mt.gov.br/;;Sem JSON associado;Sem resultado AMAWeb;;;;;10;;;;;;;;;;;
237;5107180;Ribeirão Cascalheira;Legislativo;Municipal;Câmara Municipal de Ribeirão Cascalheira;0.7286;Intermediário;https://camararibeiraocascalheira.com.br/;;Sem JSON associado;Sem resultado AMAWeb;;;;;10;;;;;;;;;;;
238;5107198;Ribeirãozinho;Executivo;Municipal;Prefeitura Municipal de Ribeirãozinho;0.6742;Intermediário;https://www.ribeiraozinho.mt.gov.br;https://www.ribeiraozinho.mt.gov.br/;URL exata;Bloqueio Cloudflare;9.6;;Access denied | www.ribeiraozinho.mt.gov.br used Cloudflare to restrict access | www.ribeiraozinho.mt.gov.br | Cloudflare;2026-09-20 08:51:27;4;0;1;0;61;30;28;3;49;6655;/home/jesus/faculdade/grupo-pesquisa/Egov/analize_sites_Egov/webscrap_amaweb/saida_mt/2026-09-20/04-42-35/amaweb_www.ribeiraozinho.mt.gov.br_042.json;/home/jesus/faculdade/grupo-pesquisa/Egov/analize_sites_Egov/webscrap_amaweb/saida_mt/2026-09-20/04-42-35/amaweb_www.ribeiraozinho.mt.gov.br_042.pdf
239;5107198;Ribeirãozinho;Legislativo;Municipal;Câmara Municipal de Ribeirãozinho;0.6564;Intermediário;https://www.ribeiraozinho.mt.leg.br/;https://www.ribeiraozinho.mt.leg.br/;URL exata;Conteúdo institucional avaliado;7.6;7.6;Página Inicial — Câmara Municipal de Ribeirãozinho;2026-09-20 08:17:53;2;9;1;0;462;334;123;5;613;63336;/home/jesus/faculdade/grupo-pesquisa/Egov/analize_sites_Egov/webscrap_amaweb/saida_mt/2026-09-20/04-02-24/amaweb_www.ribeiraozinho.mt.leg.br_060.json;/home/jesus/faculdade/grupo-pesquisa/Egov/analize_sites_Egov/webscrap_amaweb/saida_mt/2026-09-20/04-02-24/amaweb_www.ribeiraozinho.mt.leg.br_060.pdf
240;5107206;Rio Branco;Executivo;Municipal;Prefeitura Municipal de Rio Branco;0.851;Ouro;https://riobranco.mt.gov.br/;https://riobranco.mt.gov.br/;URL exata;Bloqueio Cloudflare;9.6;;Access denied | riobranco.mt.gov.br used Cloudflare to restrict access | riobranco.mt.gov.br | Cloudflare;2026-09-20 08:18:03;2;0;1;0;61;30;28;3;51;7690;/home/jesus/faculdade/grupo-pesquisa/Egov/analize_sites_Egov/webscrap_amaweb/saida_mt/2026-09-20/04-02-24/amaweb_riobranco.mt.gov.br_061.json;/home/jesus/faculdade/grupo-pesquisa/Egov/analize_sites_Egov/webscrap_amaweb/saida_mt/2026-09-20/04-02-24/amaweb_riobranco.mt.gov.br_061.pdf
241;5107206;Rio Branco;Legislativo;Municipal;Câmara Municipal de Rio Branco;0.6873999999999999;Intermediário;https://riobranco.mt.leg.br/;https://riobranco.mt.leg.br/;URL exata;Bloqueio Cloudflare;9.6;;Access denied | riobranco.mt.leg.br used Cloudflare to restrict access | riobranco.mt.leg.br | Cloudflare;2026-09-20 08:18:11;2;0;1;0;61;30;28;3;51;7690;/home/jesus/faculdade/grupo-pesquisa/Egov/analize_sites_Egov/webscrap_amaweb/saida_mt/2026-09-20/04-02-24/amaweb_riobranco.mt.leg.br_062.json;/home/jesus/faculdade/grupo-pesquisa/Egov/analize_sites_Egov/webscrap_amaweb/saida_mt/2026-09-20/04-02-24/amaweb_riobranco.mt.leg.br_062.pdf
242;5107578;Rondolândia;Executivo;Municipal;Prefeitura Municipal de Rondolândia;0.4401;Básico;https://rondolandia.mt.gov.br;https://rondolandia.mt.gov.br/;URL exata;Conteúdo institucional avaliado;8.3;8.3;Prefeitura Municipal de Rondolândia;2026-09-20 07:39:40;1;4;1;1;241;200;16;25;425;59903;/home/jesus/faculdade/grupo-pesquisa/Egov/analize_sites_Egov/webscrap_amaweb/saida_mt/2026-09-20/02-41-56/amaweb_rondolandia.mt.gov.br_242.json;/home/jesus/faculdade/grupo-pesquisa/Egov/analize_sites_Egov/webscrap_amaweb/saida_mt/2026-09-20/02-41-56/amaweb_rondolandia.mt.gov.br_242.pdf
243;5107578;Rondolândia;Legislativo;Municipal;Câmara Municipal de Rondolândia;0.7021;Intermediário;https://www.rondolandia.mt.leg.br/;https://www.rondolandia.mt.leg.br/;URL exata;Conteúdo institucional avaliado;8.1;8.1;Câmara Municipal de Rondolândia;2026-09-20 08:38:11;3;5;1;2;425;296;111;18;830;113346;/home/jesus/faculdade/grupo-pesquisa/Egov/analize_sites_Egov/webscrap_amaweb/saida_mt/2026-09-20/04-27-25/amaweb_www.rondolandia.mt.leg.br_045.json;/home/jesus/faculdade/grupo-pesquisa/Egov/analize_sites_Egov/webscrap_amaweb/saida_mt/2026-09-20/04-27-25/amaweb_www.rondolandia.mt.leg.br_045.pdf
244;5107602;Rondonópolis;Consórcios;Municipal;Consórcio Regional de Saúde Sul de Mato Grosso;0.4868;Básico;https://www.coressmt.com.br/#/home;https://www.coressmt.com.br/#/home;URL exata;Conteúdo institucional avaliado;4.0;4.0;CORESS-MT | Consórcio Regional de Saúde Sul de MT;2026-09-20 07:40:06;1;15;2;0;238;111;126;1;739;89333;/home/jesus/faculdade/grupo-pesquisa/Egov/analize_sites_Egov/webscrap_amaweb/saida_mt/2026-09-20/02-41-56/amaweb_www.coressmt.com.br_244.json;/home/jesus/faculdade/grupo-pesquisa/Egov/analize_sites_Egov/webscrap_amaweb/saida_mt/2026-09-20/02-41-56/amaweb_www.coressmt.com.br_244.pdf
245;5107602;Rondonópolis;Executivo;Municipal;Prefeitura Municipal de Rondonópolis;0.8742;Ouro;https://www.rondonopolis.mt.gov.br/;https://www.rondonopolis.mt.gov.br/;URL exata;Conteúdo institucional avaliado;7.6;7.6;Início | Prefeitura de Rondonópolis;2026-09-20 08:38:20;3;9;1;1;462;372;70;20;1228;147595;/home/jesus/faculdade/grupo-pesquisa/Egov/analize_sites_Egov/webscrap_amaweb/saida_mt/2026-09-20/04-27-25/amaweb_www.rondonopolis.mt.gov.br_046.json;/home/jesus/faculdade/grupo-pesquisa/Egov/analize_sites_Egov/webscrap_amaweb/saida_mt/2026-09-20/04-27-25/amaweb_www.rondonopolis.mt.gov.br_046.pdf
246;5107602;Rondonópolis;Legislativo;Municipal;Câmara Municipal de Rondonópolis;0.965;Diamante;https://www.rondonopolis.mt.leg.br/principal;https://www.rondonopolis.mt.leg.br/principal;URL exata;Conteúdo institucional avaliado;6.4;6.4;Câmara Municipal de Rondonópolis - Poder Legislativo;2026-09-20 08:19:53;2;14;2;1;1218;906;269;43;1277;164889;/home/jesus/faculdade/grupo-pesquisa/Egov/analize_sites_Egov/webscrap_amaweb/saida_mt/2026-09-20/04-02-24/amaweb_www.rondonopolis.mt.leg.br_065.json;/home/jesus/faculdade/grupo-pesquisa/Egov/analize_sites_Egov/webscrap_amaweb/saida_mt/2026-09-20/04-02-24/amaweb_www.rondonopolis.mt.leg.br_065.pdf
247;5107701;Rosário Oeste;Executivo;Municipal;Prefeitura Municipal de Rosário Oeste;0.8783;Ouro;https://www.rosariooeste.mt.gov.br/;;Sem JSON associado;Sem resultado AMAWeb;;;;;10;;;;;;;;;;;
248;5107750;Salto do Céu;Executivo;Municipal;Prefeitura Municipal de Salto do Céu;0.7534000000000001;Elevado;https://saltodoceu.mt.gov.br/;https://saltodoceu.mt.gov.br/;URL exata;Bloqueio Cloudflare;9.6;;Access denied | saltodoceu.mt.gov.br used Cloudflare to restrict access | saltodoceu.mt.gov.br | Cloudflare;2026-09-20 07:42:18;1;0;1;0;61;30;28;3;51;7785;/home/jesus/faculdade/grupo-pesquisa/Egov/analize_sites_Egov/webscrap_amaweb/saida_mt/2026-09-20/02-41-56/amaweb_saltodoceu.mt.gov.br_248.json;/home/jesus/faculdade/grupo-pesquisa/Egov/analize_sites_Egov/webscrap_amaweb/saida_mt/2026-09-20/02-41-56/amaweb_saltodoceu.mt.gov.br_248.pdf
249;5107750;Salto do Céu;Legislativo;Municipal;Câmara Municipal de Salto do Céu;0.677;Intermediário;https://saltodoceu.mt.leg.br/;https://saltodoceu.mt.leg.br/;URL exata;Bloqueio Cloudflare;9.6;;Access denied | saltodoceu.mt.leg.br used Cloudflare to restrict access | saltodoceu.mt.leg.br | Cloudflare;2026-09-20 07:42:19;1;0;1;0;61;30;28;3;51;7693;/home/jesus/faculdade/grupo-pesquisa/Egov/analize_sites_Egov/webscrap_amaweb/saida_mt/2026-09-20/02-41-56/amaweb_saltodoceu.mt.leg.br_249.json;/home/jesus/faculdade/grupo-pesquisa/Egov/analize_sites_Egov/webscrap_amaweb/saida_mt/2026-09-20/02-41-56/amaweb_saltodoceu.mt.leg.br_249.pdf
250;5107248;Santa Carmem;Executivo;Municipal;Prefeitura Municipal de Santa Carmem;0.9454;Ouro;https://www.santacarmem.mt.gov.br/;https://www.santacarmem.mt.gov.br/;URL exata;Conteúdo institucional avaliado;7.9;7.9;Página Inicial - Prefeitura de Santa Carmem - MT;2026-09-20 07:42:56;1;8;1;0;426;342;48;36;1238;256236;/home/jesus/faculdade/grupo-pesquisa/Egov/analize_sites_Egov/webscrap_amaweb/saida_mt/2026-09-20/02-41-56/amaweb_www.santacarmem.mt.gov.br_250.json;/home/jesus/faculdade/grupo-pesquisa/Egov/analize_sites_Egov/webscrap_amaweb/saida_mt/2026-09-20/02-41-56/amaweb_www.santacarmem.mt.gov.br_250.pdf
251;5107248;Santa Carmem;Legislativo;Municipal;Câmara Municipal de Santa Carmem;0.9261;Ouro;https://www.camarasantacarmem.mt.gov.br/;https://www.camarasantacarmem.mt.gov.br/;URL exata;Conteúdo institucional avaliado;7.4;7.4;Página Inicial - Câmara Municipal de Santa Carmem - MT;2026-09-20 08:20:32;2;7;1;1;677;449;158;70;1064;80092;/home/jesus/faculdade/grupo-pesquisa/Egov/analize_sites_Egov/webscrap_amaweb/saida_mt/2026-09-20/04-02-24/amaweb_www.camarasantacarmem.mt.gov.br_067.json;/home/jesus/faculdade/grupo-pesquisa/Egov/analize_sites_Egov/webscrap_amaweb/saida_mt/2026-09-20/04-02-24/amaweb_www.camarasantacarmem.mt.gov.br_067.pdf
252;5107743;Santa Cruz do Xingu;Executivo;Municipal;Prefeitura Municipal de Santa Cruz do Xingu;0.41359999999999997;Básico;https://www.santacruzdoxingu.mt.gov.br/;https://www.santacruzdoxingu.mt.gov.br/;URL exata;Conteúdo institucional avaliado;8.1;8.1;Página Inicial - Prefeitura de Santa Cruz do Xingu - MT;2026-09-20 07:44:09;1;6;1;1;641;480;70;91;1548;257310;/home/jesus/faculdade/grupo-pesquisa/Egov/analize_sites_Egov/webscrap_amaweb/saida_mt/2026-09-20/02-41-56/amaweb_www.santacruzdoxingu.mt.gov.br_252.json;/home/jesus/faculdade/grupo-pesquisa/Egov/analize_sites_Egov/webscrap_amaweb/saida_mt/2026-09-20/02-41-56/amaweb_www.santacruzdoxingu.mt.gov.br_252.pdf
253;5107743;Santa Cruz do Xingu;Legislativo;Municipal;Câmara Municipal de Santa Cruz do Xingu;0.2004;Inicial;https://santacruzdoxingu.mt.leg.br/;https://santacruzdoxingu.mt.leg.br/;URL exata;Conteúdo institucional avaliado;8.4;8.4;Câmara Legislativa – PODER LEGISLATIVO DE SANTA CRUZ DO XINGU;2026-09-20 07:43:28;1;4;1;0;776;646;100;30;800;237113;/home/jesus/faculdade/grupo-pesquisa/Egov/analize_sites_Egov/webscrap_amaweb/saida_mt/2026-09-20/02-41-56/amaweb_santacruzdoxingu.mt.leg.br_253.json;/home/jesus/faculdade/grupo-pesquisa/Egov/analize_sites_Egov/webscrap_amaweb/saida_mt/2026-09-20/02-41-56/amaweb_santacruzdoxingu.mt.leg.br_253.pdf
254;5107768;Santa Rita do Trivelato;Executivo;Municipal;Prefeitura Municipal de Santa Rita do Trivelato;0.8963;Ouro;https://www.santaritadotrivelato.mt.gov.br/home;https://www.santaritadotrivelato.mt.gov.br/home;URL exata;Conteúdo institucional avaliado;6.5;6.5;Prefeitura de Santa Rita do Trivelato;2026-09-20 07:43:57;1;8;1;0;427;230;195;2;953;272158;/home/jesus/faculdade/grupo-pesquisa/Egov/analize_sites_Egov/webscrap_amaweb/saida_mt/2026-09-20/02-41-56/amaweb_www.santaritadotrivelato.mt.gov.br_254.json;/home/jesus/faculdade/grupo-pesquisa/Egov/analize_sites_Egov/webscrap_amaweb/saida_mt/2026-09-20/02-41-56/amaweb_www.santaritadotrivelato.mt.gov.br_254.pdf
255;5107768;Santa Rita do Trivelato;Legislativo;Municipal;Câmara Municipal de Santa Rita do Trivelato;0.9691;Diamante;https://santaritadotrivelato.mt.leg.br/home;https://santaritadotrivelato.mt.leg.br/home;URL exata;Conteúdo institucional avaliado;8.5;8.5;Câmara de Santa Rita do Trivelato;2026-09-20 07:44:22;1;5;1;0;589;376;197;16;741;171963;/home/jesus/faculdade/grupo-pesquisa/Egov/analize_sites_Egov/webscrap_amaweb/saida_mt/2026-09-20/02-41-56/amaweb_santaritadotrivelato.mt.leg.br_255.json;/home/jesus/faculdade/grupo-pesquisa/Egov/analize_sites_Egov/webscrap_amaweb/saida_mt/2026-09-20/02-41-56/amaweb_santaritadotrivelato.mt.leg.br_255.pdf
256;5107776;Santa Terezinha;Executivo;Municipal;Prefeitura Municipal de Santa Terezinha;0.7109000000000001;Intermediário;https://santaterezinha.mt.gov.br/;https://santaterezinha.mt.gov.br/;URL exata;Bloqueio Cloudflare;9.6;;Access denied | santaterezinha.mt.gov.br used Cloudflare to restrict access | santaterezinha.mt.gov.br | Cloudflare;2026-09-20 07:45:15;1;0;1;0;61;30;28;3;49;6646;/home/jesus/faculdade/grupo-pesquisa/Egov/analize_sites_Egov/webscrap_amaweb/saida_mt/2026-09-20/02-41-56/amaweb_santaterezinha.mt.gov.br_256.json;/home/jesus/faculdade/grupo-pesquisa/Egov/analize_sites_Egov/webscrap_amaweb/saida_mt/2026-09-20/02-41-56/amaweb_santaterezinha.mt.gov.br_256.pdf
257;5107776;Santa Terezinha;Legislativo;Municipal;Câmara Municipal de Santa Terezinha;0.3889;Básico;https://www.santaterezinha.mt.leg.br/;https://www.santaterezinha.mt.leg.br/;URL exata;Bloqueio Cloudflare;9.6;;Access denied | www.santaterezinha.mt.leg.br used Cloudflare to restrict access | www.santaterezinha.mt.leg.br | Cloudflare;2026-09-20 08:38:33;3;0;1;0;61;30;28;3;49;6658;/home/jesus/faculdade/grupo-pesquisa/Egov/analize_sites_Egov/webscrap_amaweb/saida_mt/2026-09-20/04-27-25/amaweb_www.santaterezinha.mt.leg.br_048.json;/home/jesus/faculdade/grupo-pesquisa/Egov/analize_sites_Egov/webscrap_amaweb/saida_mt/2026-09-20/04-27-25/amaweb_www.santaterezinha.mt.leg.br_048.pdf
258;5107263;Santo Afonso;Executivo;Municipal;Prefeitura Municipal de Santo Afonso;0.7658;Prata;https://www.santoafonso.mt.gov.br/;https://www.santoafonso.mt.gov.br/;URL exata;Conteúdo institucional avaliado;6.6;6.6;Prefeitura Municipal de Santo Afonso;2026-09-20 07:44:41;1;10;1;1;344;156;175;13;855;73876;/home/jesus/faculdade/grupo-pesquisa/Egov/analize_sites_Egov/webscrap_amaweb/saida_mt/2026-09-20/02-41-56/amaweb_www.santoafonso.mt.gov.br_258.json;/home/jesus/faculdade/grupo-pesquisa/Egov/analize_sites_Egov/webscrap_amaweb/saida_mt/2026-09-20/02-41-56/amaweb_www.santoafonso.mt.gov.br_258.pdf
259;5107263;Santo Afonso;Legislativo;Municipal;Câmara Municipal de Santo Afonso;0.6035;Intermediário;https://santoafonso.mt.leg.br/index.php;;Sem JSON associado;Sem resultado AMAWeb;;;;;10;;;;;;;;;;;
260;5107792;Santo Antônio do Leste;Executivo;Municipal;Prefeitura Municipal de Santo Antônio do Leste;0.6584;Intermediário;https://www.santoantoniodoleste.mt.gov.br/;https://www.santoantoniodoleste.mt.gov.br/;URL exata;Conteúdo institucional avaliado;8.0;8.0;Página Inicial - Prefeitura de Santo Antônio do Leste - MT;2026-09-20 07:45:39;1;6;0;0;455;323;63;69;1221;243502;/home/jesus/faculdade/grupo-pesquisa/Egov/analize_sites_Egov/webscrap_amaweb/saida_mt/2026-09-20/02-41-56/amaweb_www.santoantoniodoleste.mt.gov.br_260.json;/home/jesus/faculdade/grupo-pesquisa/Egov/analize_sites_Egov/webscrap_amaweb/saida_mt/2026-09-20/02-41-56/amaweb_www.santoantoniodoleste.mt.gov.br_260.pdf
261;5107792;Santo Antônio do Leste;Legislativo;Municipal;Câmara Municipal de Santo Antônio do Leste;0.18530000000000002;Inicial;https://www.santoantoniodoleste.mt.leg.br/;https://www.santoantoniodoleste.mt.leg.br/;URL exata;Conteúdo institucional avaliado;8.3;8.3;Página Inicial - Câmara Municipal de Santo Antônio do Leste - MT;2026-09-20 07:45:38;1;5;1;0;402;284;80;38;851;135284;/home/jesus/faculdade/grupo-pesquisa/Egov/analize_sites_Egov/webscrap_amaweb/saida_mt/2026-09-20/02-41-56/amaweb_www.santoantoniodoleste.mt.leg.br_261.json;/home/jesus/faculdade/grupo-pesquisa/Egov/analize_sites_Egov/webscrap_amaweb/saida_mt/2026-09-20/02-41-56/amaweb_www.santoantoniodoleste.mt.leg.br_261.pdf
262;5107800;Santo Antônio do Leverger;Executivo;Municipal;Prefeitura Municipal de Santo Antônio de Leverger;0.5911;Intermediário;https://www.leverger.mt.gov.br/;https://www.leverger.mt.gov.br/;URL exata;Conteúdo institucional avaliado;8.7;8.7;Página Inicial - Prefeitura de Santo Antônio de Leverger - MT;2026-09-20 08:21:00;2;4;1;0;608;424;82;102;1329;230101;/home/jesus/faculdade/grupo-pesquisa/Egov/analize_sites_Egov/webscrap_amaweb/saida_mt/2026-09-20/04-02-24/amaweb_www.leverger.mt.gov.br_070.json;/home/jesus/faculdade/grupo-pesquisa/Egov/analize_sites_Egov/webscrap_amaweb/saida_mt/2026-09-20/04-02-24/amaweb_www.leverger.mt.gov.br_070.pdf
263;5107800;Santo Antônio do Leverger;Legislativo;Municipal;Câmara Municipal de Santo Antônio de Leverger;0.539;Intermediário;https://www.camaraleverger.mt.gov.br/;;Sem JSON associado;Sem resultado AMAWeb;;;;;10;;;;;;;;;;;
264;5107875;Sapezal;Executivo;Municipal;Prefeitura Municipal de Sapezal;0.9;Ouro;https://www.sapezal.mt.gov.br/;https://www.sapezal.mt.gov.br/;URL exata;Conteúdo institucional avaliado;8.4;8.4;PREFEITURA DE SAPEZAL / MT;2026-09-20 07:46:21;1;5;1;0;476;375;91;10;1504;308490;/home/jesus/faculdade/grupo-pesquisa/Egov/analize_sites_Egov/webscrap_amaweb/saida_mt/2026-09-20/02-41-56/amaweb_www.sapezal.mt.gov.br_264.json;/home/jesus/faculdade/grupo-pesquisa/Egov/analize_sites_Egov/webscrap_amaweb/saida_mt/2026-09-20/02-41-56/amaweb_www.sapezal.mt.gov.br_264.pdf
265;5107875;Sapezal;Legislativo;Municipal;Câmara Municipal de Sapezal;0.9859;Diamante;https://www.sapezal.mt.leg.br;https://www.sapezal.mt.leg.br/;URL exata;Conteúdo institucional avaliado;7.8;7.8;Página Inicial — Câmara Municipal de Sapezal;2026-09-20 07:47:06;1;10;1;1;547;375;160;12;921;102448;/home/jesus/faculdade/grupo-pesquisa/Egov/analize_sites_Egov/webscrap_amaweb/saida_mt/2026-09-20/02-41-56/amaweb_www.sapezal.mt.leg.br_265.json;/home/jesus/faculdade/grupo-pesquisa/Egov/analize_sites_Egov/webscrap_amaweb/saida_mt/2026-09-20/02-41-56/amaweb_www.sapezal.mt.leg.br_265.pdf
266;5107883;Serra Nova Dourada;Executivo;Municipal;Prefeitura Municipal de Serra Nova Dourada;0.4578;Básico;https://serranovadourada.mt.gov.br/;https://www.serranovadourada.mt.gov.br/;URL exata;Conteúdo institucional avaliado;7.9;7.9;Página Inicial - Prefeitura de Serra Nova Dourada - MT;2026-09-20 07:46:47;1;7;1;0;534;429;65;40;1034;177131;/home/jesus/faculdade/grupo-pesquisa/Egov/analize_sites_Egov/webscrap_amaweb/saida_mt/2026-09-20/02-41-56/amaweb_serranovadourada.mt.gov.br_266.json;/home/jesus/faculdade/grupo-pesquisa/Egov/analize_sites_Egov/webscrap_amaweb/saida_mt/2026-09-20/02-41-56/amaweb_serranovadourada.mt.gov.br_266.pdf
267;5107883;Serra Nova Dourada;Legislativo;Municipal;Câmara Municipal de Serra Nova Dourada;0.37060000000000004;Básico;https://www.serranovadourada.mt.leg.br/;https://www.serranovadourada.mt.leg.br/;URL exata;Bloqueio Cloudflare;9.6;;Access denied | www.serranovadourada.mt.leg.br used Cloudflare to restrict access | www.serranovadourada.mt.leg.br | Cloudflare;2026-09-20 07:47:07;1;0;1;0;61;30;28;3;49;6664;/home/jesus/faculdade/grupo-pesquisa/Egov/analize_sites_Egov/webscrap_amaweb/saida_mt/2026-09-20/02-41-56/amaweb_www.serranovadourada.mt.leg.br_267.json;/home/jesus/faculdade/grupo-pesquisa/Egov/analize_sites_Egov/webscrap_amaweb/saida_mt/2026-09-20/02-41-56/amaweb_www.serranovadourada.mt.leg.br_267.pdf
268;5107909;Sinop;Executivo;Municipal;Prefeitura Municipal de Sinop;0.9511;Diamante;https://www.sinop.mt.gov.br/;https://www.sinop.mt.gov.br/;URL exata;Bloqueio Cloudflare;9.6;;Access denied | www.sinop.mt.gov.br used Cloudflare to restrict access | www.sinop.mt.gov.br | Cloudflare;2026-09-20 08:21:13;2;0;1;0;61;30;28;3;49;6631;/home/jesus/faculdade/grupo-pesquisa/Egov/analize_sites_Egov/webscrap_amaweb/saida_mt/2026-09-20/04-02-24/amaweb_www.sinop.mt.gov.br_072.json;/home/jesus/faculdade/grupo-pesquisa/Egov/analize_sites_Egov/webscrap_amaweb/saida_mt/2026-09-20/04-02-24/amaweb_www.sinop.mt.gov.br_072.pdf
269;5107909;Sinop;Legislativo;Municipal;Câmara Municipal de Sinop;0.973;Diamante;https://www.sinop.mt.leg.br/;https://www.sinop.mt.leg.br/;URL exata;Conteúdo institucional avaliado;8.7;8.7;Câmara Municipal de Sinop;2026-09-20 08:39:38;3;6;0;0;554;504;37;13;1180;202422;/home/jesus/faculdade/grupo-pesquisa/Egov/analize_sites_Egov/webscrap_amaweb/saida_mt/2026-09-20/04-27-25/amaweb_www.sinop.mt.leg.br_051.json;/home/jesus/faculdade/grupo-pesquisa/Egov/analize_sites_Egov/webscrap_amaweb/saida_mt/2026-09-20/04-27-25/amaweb_www.sinop.mt.leg.br_051.pdf
270;5107925;Sorriso;Consórcios;Municipal;Consórcio Público de Saúde Vale do Teles Pires;0.6975;Intermediário;https://www.consorciovaledotelespires.com.br;https://www.consorciovaledotelespires.com.br/#/home;URL exata;Conteúdo institucional avaliado;7.5;7.5;Consórcio Público de Saúde Vale do Teles Pires;2026-09-20 07:47:52;1;6;1;0;134;92;41;1;430;39516;/home/jesus/faculdade/grupo-pesquisa/Egov/analize_sites_Egov/webscrap_amaweb/saida_mt/2026-09-20/02-41-56/amaweb_www.consorciovaledotelespires.com.br_270.json;/home/jesus/faculdade/grupo-pesquisa/Egov/analize_sites_Egov/webscrap_amaweb/saida_mt/2026-09-20/02-41-56/amaweb_www.consorciovaledotelespires.com.br_270.pdf
271;5107925;Sorriso;Executivo;Municipal;Prefeitura Municipal de Sorriso;0.9684;Diamante;https://site.sorriso.mt.gov.br/;https://site.sorriso.mt.gov.br/;URL exata;Conteúdo institucional avaliado;5.9;5.9;Página inicial;2026-09-20 07:48:57;1;15;1;1;998;555;420;23;2571;274559;/home/jesus/faculdade/grupo-pesquisa/Egov/analize_sites_Egov/webscrap_amaweb/saida_mt/2026-09-20/02-41-56/amaweb_site.sorriso.mt.gov.br_271.json;/home/jesus/faculdade/grupo-pesquisa/Egov/analize_sites_Egov/webscrap_amaweb/saida_mt/2026-09-20/02-41-56/amaweb_site.sorriso.mt.gov.br_271.pdf
272;5107925;Sorriso;Legislativo;Municipal;Câmara Municipal de Sorriso;0.7835;Prata;https://sorriso.mt.leg.br/;https://sorriso.mt.leg.br/;URL exata;Conteúdo institucional avaliado;7.5;7.5;Câmara Municipal de Sorriso - MT;2026-09-20 07:49:26;1;7;2;1;389;255;98;36;642;136804;/home/jesus/faculdade/grupo-pesquisa/Egov/analize_sites_Egov/webscrap_amaweb/saida_mt/2026-09-20/02-41-56/amaweb_sorriso.mt.leg.br_272.json;/home/jesus/faculdade/grupo-pesquisa/Egov/analize_sites_Egov/webscrap_amaweb/saida_mt/2026-09-20/02-41-56/amaweb_sorriso.mt.leg.br_272.pdf
273;5107859;São Félix do Araguaia;Executivo;Municipal;Prefeitura Municipal de São Félix do Araguaia;0.4285;Básico;https://saofelixdoaraguaia.mt.gov.br/;https://saofelixdoaraguaia.mt.gov.br/;URL exata;Conteúdo institucional avaliado;6.8;6.8;Prefeitura de São Félix do Araguaia/MT | Prefeitura São Félix do Araguaia;2026-09-20 08:39:50;3;10;1;1;739;602;118;19;1467;289010;/home/jesus/faculdade/grupo-pesquisa/Egov/analize_sites_Egov/webscrap_amaweb/saida_mt/2026-09-20/04-27-25/amaweb_saofelixdoaraguaia.mt.gov.br_052.json;/home/jesus/faculdade/grupo-pesquisa/Egov/analize_sites_Egov/webscrap_amaweb/saida_mt/2026-09-20/04-27-25/amaweb_saofelixdoaraguaia.mt.gov.br_052.pdf
274;5107859;São Félix do Araguaia;Legislativo;Municipal;Câmara Municipal de São Félix do Araguaia;0.7664;Elevado;https://camarasaofelixdoaraguaia.mt.gov.br/;https://camarasaofelixdoaraguaia.mt.gov.br/;URL exata;Conteúdo institucional avaliado;8.2;8.2;Página Inicial - Câmara Municipal de São Félix do Araguaia | Gestão 2025-2026;2026-09-20 07:49:39;1;4;1;1;271;165;84;22;848;145243;/home/jesus/faculdade/grupo-pesquisa/Egov/analize_sites_Egov/webscrap_amaweb/saida_mt/2026-09-20/02-41-56/amaweb_camarasaofelixdoaraguaia.mt.gov.br_274.json;/home/jesus/faculdade/grupo-pesquisa/Egov/analize_sites_Egov/webscrap_amaweb/saida_mt/2026-09-20/02-41-56/amaweb_camarasaofelixdoaraguaia.mt.gov.br_274.pdf
275;5107297;São José do Povo;Executivo;Municipal;Prefeitura Municipal de São José do Povo;0.8158;Prata;https://www.saojosedopovo.mt.gov.br/;https://www.saojosedopovo.mt.gov.br/;URL exata;Conteúdo institucional avaliado;8.3;8.3;Prefeitura de São José do Povo;2026-09-20 07:49:50;1;5;1;0;454;285;86;83;860;130303;/home/jesus/faculdade/grupo-pesquisa/Egov/analize_sites_Egov/webscrap_amaweb/saida_mt/2026-09-20/02-41-56/amaweb_www.saojosedopovo.mt.gov.br_275.json;/home/jesus/faculdade/grupo-pesquisa/Egov/analize_sites_Egov/webscrap_amaweb/saida_mt/2026-09-20/02-41-56/amaweb_www.saojosedopovo.mt.gov.br_275.pdf
276;5107297;São José do Povo;Legislativo;Municipal;Câmara Municipal de São José do Povo;0.48340000000000005;Básico;https://www.saojosedopovo.mt.leg.br/;https://www.saojosedopovo.mt.leg.br/;URL exata;Conteúdo institucional avaliado;7.5;7.5;Página Inicial — Câmara Municipal de São José do Povo;2026-09-20 07:50:00;1;8;2;0;429;280;140;9;739;87097;/home/jesus/faculdade/grupo-pesquisa/Egov/analize_sites_Egov/webscrap_amaweb/saida_mt/2026-09-20/02-41-56/amaweb_www.saojosedopovo.mt.leg.br_276.json;/home/jesus/faculdade/grupo-pesquisa/Egov/analize_sites_Egov/webscrap_amaweb/saida_mt/2026-09-20/02-41-56/amaweb_www.saojosedopovo.mt.leg.br_276.pdf
277;5107305;São José do Rio Claro;Executivo;Municipal;Prefeitura Municipal de São José do Rio Claro;0.7311;Intermediário;https://www.saojosedorioclaro.mt.gov.br/home;https://www.saojosedorioclaro.mt.gov.br/home;URL exata;Conteúdo institucional avaliado;6.5;6.5;Prefeitura Municipal de São José do Rio Claro;2026-09-20 07:50:16;1;8;1;0;501;248;251;2;896;163419;/home/jesus/faculdade/grupo-pesquisa/Egov/analize_sites_Egov/webscrap_amaweb/saida_mt/2026-09-20/02-41-56/amaweb_www.saojosedorioclaro.mt.gov.br_277.json;/home/jesus/faculdade/grupo-pesquisa/Egov/analize_sites_Egov/webscrap_amaweb/saida_mt/2026-09-20/02-41-56/amaweb_www.saojosedorioclaro.mt.gov.br_277.pdf
278;5107305;São José do Rio Claro;Legislativo;Municipal;Câmara Municipal de São José do Rio Claro;0.9044;Ouro;https://saojosedorioclaro.mt.leg.br/;https://saojosedorioclaro.mt.leg.br/;URL exata;Conteúdo institucional avaliado;8.5;8.5;Câmara Municipal de São José do Rio Claro;2026-09-20 08:22:47;2;3;1;1;229;75;135;19;562;46407;/home/jesus/faculdade/grupo-pesquisa/Egov/analize_sites_Egov/webscrap_amaweb/saida_mt/2026-09-20/04-02-24/amaweb_saojosedorioclaro.mt.leg.br_075.json;/home/jesus/faculdade/grupo-pesquisa/Egov/analize_sites_Egov/webscrap_amaweb/saida_mt/2026-09-20/04-02-24/amaweb_saojosedorioclaro.mt.leg.br_075.pdf
279;5107354;São José do Xingu;Executivo;Municipal;Prefeitura Municipal de São José do Xingu;0.6507999999999999;Intermediário;https://www.saojosedoxingu.mt.gov.br/;https://www.saojosedoxingu.mt.gov.br/;URL exata;Conteúdo institucional avaliado;7.4;7.4;Página Principal - Prefeitura de São José do Xingu;2026-09-20 07:50:40;1;8;2;0;442;272;156;14;769;109833;/home/jesus/faculdade/grupo-pesquisa/Egov/analize_sites_Egov/webscrap_amaweb/saida_mt/2026-09-20/02-41-56/amaweb_www.saojosedoxingu.mt.gov.br_279.json;/home/jesus/faculdade/grupo-pesquisa/Egov/analize_sites_Egov/webscrap_amaweb/saida_mt/2026-09-20/02-41-56/amaweb_www.saojosedoxingu.mt.gov.br_279.pdf
280;5107354;São José do Xingu;Legislativo;Municipal;Câmara Municipal de São José do Xingu;0.8665;Elevado;https://www.camarasaojosedoxingu.mt.gov.br/;;Sem JSON associado;Sem resultado AMAWeb;;;;;10;;;;;;;;;;;
281;5107107;São José dos Quatro Marcos;Consórcios;Municipal;Consórcio Intermunicipal de Desenvolvimento Econômico, Social e Turístico do Complexo Nascente do Pantanal;0.6124;Intermediário;https://www.nascentesdopantanal.org.br;https://www.nascentesdopantanal.org.br/;URL exata;Bloqueio Cloudflare;9.6;;Access denied | www.nascentesdopantanal.org.br used Cloudflare to restrict access | www.nascentesdopantanal.org.br | Cloudflare;2026-09-20 08:23:22;2;0;1;0;61;30;28;3;51;7214;/home/jesus/faculdade/grupo-pesquisa/Egov/analize_sites_Egov/webscrap_amaweb/saida_mt/2026-09-20/04-02-24/amaweb_www.nascentesdopantanal.org.br_077.json;/home/jesus/faculdade/grupo-pesquisa/Egov/analize_sites_Egov/webscrap_amaweb/saida_mt/2026-09-20/04-02-24/amaweb_www.nascentesdopantanal.org.br_077.pdf
282;5107107;São José dos Quatro Marcos;Executivo;Municipal;Prefeitura Municipal de São José dos Quatro Marcos;0.8894;Ouro;https://saojosedosquatromarcos.mt.gov.br/;https://saojosedosquatromarcos.mt.gov.br/;URL exata;Conteúdo institucional avaliado;7.4;7.4;Prefeitura Municipal de São José dos Quatro Marcos;2026-09-20 07:51:50;1;8;1;1;463;252;150;61;1034;175787;/home/jesus/faculdade/grupo-pesquisa/Egov/analize_sites_Egov/webscrap_amaweb/saida_mt/2026-09-20/02-41-56/amaweb_saojosedosquatromarcos.mt.gov.br_282.json;/home/jesus/faculdade/grupo-pesquisa/Egov/analize_sites_Egov/webscrap_amaweb/saida_mt/2026-09-20/02-41-56/amaweb_saojosedosquatromarcos.mt.gov.br_282.pdf
283;5107107;São José dos Quatro Marcos;Legislativo;Municipal;Câmara Municipal de São José dos Quatro Marcos;0.99;Diamante;https://www.saojosedosquatromarcos.mt.leg.br/;https://www.saojosedosquatromarcos.mt.leg.br/;URL exata;Conteúdo institucional avaliado;8.5;8.5;Página Inicial - Câmara Municipal de São José do Quatro Marcos - MT;2026-09-20 07:52:16;1;5;1;0;623;462;80;81;1067;138325;/home/jesus/faculdade/grupo-pesquisa/Egov/analize_sites_Egov/webscrap_amaweb/saida_mt/2026-09-20/02-41-56/amaweb_www.saojosedosquatromarcos.mt.leg.br_283.json;/home/jesus/faculdade/grupo-pesquisa/Egov/analize_sites_Egov/webscrap_amaweb/saida_mt/2026-09-20/02-41-56/amaweb_www.saojosedosquatromarcos.mt.leg.br_283.pdf
284;5107404;São Pedro da Cipa;Executivo;Municipal;Prefeitura Municipal de São Pedro da Cipa;0.9518000000000001;Diamante;https://www.saopedrodacipa.mt.gov.br/;https://www.saopedrodacipa.mt.gov.br/;URL exata;Conteúdo institucional avaliado;8.5;8.5;Prefeitura Municipal de São Pedro da Cipa;2026-09-20 07:52:24;1;3;2;1;515;334;150;31;716;58694;/home/jesus/faculdade/grupo-pesquisa/Egov/analize_sites_Egov/webscrap_amaweb/saida_mt/2026-09-20/02-41-56/amaweb_www.saopedrodacipa.mt.gov.br_284.json;/home/jesus/faculdade/grupo-pesquisa/Egov/analize_sites_Egov/webscrap_amaweb/saida_mt/2026-09-20/02-41-56/amaweb_www.saopedrodacipa.mt.gov.br_284.pdf
285;5107404;São Pedro da Cipa;Legislativo;Municipal;Câmara Municipal de São Pedro da Cipa;0.9642000000000001;Diamante;https://www.camarasaopedrodacipa.mt.gov.br/;https://www.camarasaopedrodacipa.mt.gov.br/;URL exata;Conteúdo institucional avaliado;5.8;5.8;Câmara Municipal de São Pedro da Cipa;2026-09-20 08:24:08;2;13;0;1;541;347;175;19;1142;117273;/home/jesus/faculdade/grupo-pesquisa/Egov/analize_sites_Egov/webscrap_amaweb/saida_mt/2026-09-20/04-02-24/amaweb_www.camarasaopedrodacipa.mt.gov.br_078.json;/home/jesus/faculdade/grupo-pesquisa/Egov/analize_sites_Egov/webscrap_amaweb/saida_mt/2026-09-20/04-02-24/amaweb_www.camarasaopedrodacipa.mt.gov.br_078.pdf
286;5107941;Tabaporã;Executivo;Municipal;Prefeitura Municipal de Tabaporã;0.26780000000000004;Inicial;https://www.tabapora.mt.gov.br/home;https://www.tabapora.mt.gov.br/home;URL exata;Conteúdo institucional avaliado;6.4;6.4;Prefeitura Municipal de Tabaporã;2026-09-20 07:52:48;1;10;1;0;346;186;160;0;857;213579;/home/jesus/faculdade/grupo-pesquisa/Egov/analize_sites_Egov/webscrap_amaweb/saida_mt/2026-09-20/02-41-56/amaweb_www.tabapora.mt.gov.br_286.json;/home/jesus/faculdade/grupo-pesquisa/Egov/analize_sites_Egov/webscrap_amaweb/saida_mt/2026-09-20/02-41-56/amaweb_www.tabapora.mt.gov.br_286.pdf
287;5107941;Tabaporã;Legislativo;Municipal;Câmara Municipal de Tabaporã;0.6334000000000001;Intermediário;https://tabapora.mt.leg.br/transparencia/undefined/74;https://tabapora.mt.leg.br/transparencia/undefined/74;URL exata;Conteúdo institucional avaliado;8.6;8.6;Câmara Municipal de Tabaporã;2026-09-20 07:53:00;1;3;1;0;150;109;34;7;203;15048;/home/jesus/faculdade/grupo-pesquisa/Egov/analize_sites_Egov/webscrap_amaweb/saida_mt/2026-09-20/02-41-56/amaweb_tabapora.mt.leg.br_287.json;/home/jesus/faculdade/grupo-pesquisa/Egov/analize_sites_Egov/webscrap_amaweb/saida_mt/2026-09-20/02-41-56/amaweb_tabapora.mt.leg.br_287.pdf
288;5107958;Tangará da Serra;Consórcios;Municipal;Consórcio Intermunicipal de Saúde da Região do Médio Norte Matogrossense;0.7402;Intermediário;https://www.cismnorte.com.br/#/home;https://www.cismnorte.com.br/#/home;URL exata;Conteúdo institucional avaliado;6.7;6.7;Consórcio Intermunicipal de Saúde Da Região Médio Norte Matogrossense;2026-09-20 07:53:11;1;8;1;0;106;50;54;2;362;25617;/home/jesus/faculdade/grupo-pesquisa/Egov/analize_sites_Egov/webscrap_amaweb/saida_mt/2026-09-20/02-41-56/amaweb_www.cismnorte.com.br_288.json;/home/jesus/faculdade/grupo-pesquisa/Egov/analize_sites_Egov/webscrap_amaweb/saida_mt/2026-09-20/02-41-56/amaweb_www.cismnorte.com.br_288.pdf
289;5107958;Tangará da Serra;Executivo;Municipal;Prefeitura Municipal de Tangará da Serra;0.9771;Diamante;https://tangaradaserra.mt.gov.br/;https://tangaradaserra.mt.gov.br/;URL exata;Conteúdo institucional avaliado;8.0;8.0;Tangará da Serra;2026-09-20 07:53:33;1;5;1;1;427;351;64;12;1034;218106;/home/jesus/faculdade/grupo-pesquisa/Egov/analize_sites_Egov/webscrap_amaweb/saida_mt/2026-09-20/02-41-56/amaweb_tangaradaserra.mt.gov.br_289.json;/home/jesus/faculdade/grupo-pesquisa/Egov/analize_sites_Egov/webscrap_amaweb/saida_mt/2026-09-20/02-41-56/amaweb_tangaradaserra.mt.gov.br_289.pdf
290;5107958;Tangará da Serra;Legislativo;Municipal;Câmara Municipal de Tangará da Serra;0.9767;Diamante;https://www.tangaradaserra.mt.leg.br/;https://www.tangaradaserra.mt.leg.br/;URL exata;Conteúdo institucional avaliado;7.1;7.1;Página Inicial — Câmara Municipal de Tangará da Serra;2026-09-20 08:40:27;3;13;1;0;372;297;60;15;891;95514;/home/jesus/faculdade/grupo-pesquisa/Egov/analize_sites_Egov/webscrap_amaweb/saida_mt/2026-09-20/04-27-25/amaweb_www.tangaradaserra.mt.leg.br_054.json;/home/jesus/faculdade/grupo-pesquisa/Egov/analize_sites_Egov/webscrap_amaweb/saida_mt/2026-09-20/04-27-25/amaweb_www.tangaradaserra.mt.leg.br_054.pdf
291;5108006;Tapurah;Executivo;Municipal;Prefeitura Municipal de Tapurah;0.9508;Diamante;https://www.tapurah.mt.gov.br/home;https://www.tapurah.mt.gov.br/home;URL exata;Conteúdo institucional avaliado;7.9;7.9;Prefeitura Municipal de Tapurah;2026-09-20 07:53:58;1;6;2;0;697;419;268;10;1100;216361;/home/jesus/faculdade/grupo-pesquisa/Egov/analize_sites_Egov/webscrap_amaweb/saida_mt/2026-09-20/02-41-56/amaweb_www.tapurah.mt.gov.br_291.json;/home/jesus/faculdade/grupo-pesquisa/Egov/analize_sites_Egov/webscrap_amaweb/saida_mt/2026-09-20/02-41-56/amaweb_www.tapurah.mt.gov.br_291.pdf
292;5108006;Tapurah;Legislativo;Municipal;Câmara Municipal de Tapurah;0.9734;Diamante;https://www.tapurah.mt.leg.br/;https://www.tapurah.mt.leg.br/;URL exata;Conteúdo institucional avaliado;7.5;7.5;Página Inicial — Câmara Municipal de Tapurah;2026-09-20 07:54:20;1;9;1;0;315;241;64;10;1051;120281;/home/jesus/faculdade/grupo-pesquisa/Egov/analize_sites_Egov/webscrap_amaweb/saida_mt/2026-09-20/02-41-56/amaweb_www.tapurah.mt.leg.br_292.json;/home/jesus/faculdade/grupo-pesquisa/Egov/analize_sites_Egov/webscrap_amaweb/saida_mt/2026-09-20/02-41-56/amaweb_www.tapurah.mt.leg.br_292.pdf
293;5108055;Terra Nova do Norte;Executivo;Municipal;Prefeitura Municipal de Terra Nova do Norte;0.7831999999999999;Elevado;https://www.terranovadonorte.mt.gov.br/;https://www.terranovadonorte.mt.gov.br/;URL exata;Conteúdo institucional avaliado;8.4;8.4;Página Inicial - Prefeitura de Terra Nova do Norte - MT;2026-09-20 07:54:42;1;5;0;1;497;397;51;49;1420;255924;/home/jesus/faculdade/grupo-pesquisa/Egov/analize_sites_Egov/webscrap_amaweb/saida_mt/2026-09-20/02-41-56/amaweb_www.terranovadonorte.mt.gov.br_293.json;/home/jesus/faculdade/grupo-pesquisa/Egov/analize_sites_Egov/webscrap_amaweb/saida_mt/2026-09-20/02-41-56/amaweb_www.terranovadonorte.mt.gov.br_293.pdf
294;5108055;Terra Nova do Norte;Legislativo;Municipal;Câmara Municipal de Terra Nova do Norte;0.9738;Diamante;https://www.terranovadonorte.mt.leg.br/;https://www.terranovadonorte.mt.leg.br/;URL exata;Conteúdo institucional avaliado;7.8;7.8;Página Inicial — Câmara Municipal de Terra Nova do Norte - MT;2026-09-20 07:55:01;1;9;1;1;516;389;119;8;1752;234835;/home/jesus/faculdade/grupo-pesquisa/Egov/analize_sites_Egov/webscrap_amaweb/saida_mt/2026-09-20/02-41-56/amaweb_www.terranovadonorte.mt.leg.br_294.json;/home/jesus/faculdade/grupo-pesquisa/Egov/analize_sites_Egov/webscrap_amaweb/saida_mt/2026-09-20/02-41-56/amaweb_www.terranovadonorte.mt.leg.br_294.pdf
295;5108105;Tesouro;Executivo;Municipal;Prefeitura Municipal de Tesouro;0.3362;Básico;https://www.tesouro.mt.gov.br/;https://www.tesouro.mt.gov.br/;URL exata;Conteúdo institucional avaliado;7.2;7.2;Página Principal - Prefeitura de Tesouro - MT;2026-09-20 08:24:31;2;10;1;0;412;318;70;24;1070;114907;/home/jesus/faculdade/grupo-pesquisa/Egov/analize_sites_Egov/webscrap_amaweb/saida_mt/2026-09-20/04-02-24/amaweb_www.tesouro.mt.gov.br_080.json;/home/jesus/faculdade/grupo-pesquisa/Egov/analize_sites_Egov/webscrap_amaweb/saida_mt/2026-09-20/04-02-24/amaweb_www.tesouro.mt.gov.br_080.pdf
296;5108105;Tesouro;Legislativo;Municipal;Câmara Municipal de Tesouro;0.4007;Básico;https://tesouro.mt.leg.br/;https://tesouro.mt.leg.br/;URL exata;Bloqueio Cloudflare;9.6;;Access denied | tesouro.mt.leg.br used Cloudflare to restrict access | tesouro.mt.leg.br | Cloudflare;2026-09-20 07:55:12;1;0;1;0;61;30;28;3;49;6625;/home/jesus/faculdade/grupo-pesquisa/Egov/analize_sites_Egov/webscrap_amaweb/saida_mt/2026-09-20/02-41-56/amaweb_tesouro.mt.leg.br_296.json;/home/jesus/faculdade/grupo-pesquisa/Egov/analize_sites_Egov/webscrap_amaweb/saida_mt/2026-09-20/02-41-56/amaweb_tesouro.mt.leg.br_296.pdf
297;5108204;Torixoréu;Executivo;Municipal;Prefeitura Municipal de Torixoréu;0.7193999999999999;Intermediário;https://www.torixoreu.mt.gov.br/;https://www.torixoreu.mt.gov.br/;URL exata;Conteúdo institucional avaliado;7.6;7.6;Página Principal - Prefeitura de Torixoréu - MT;2026-09-20 07:55:31;1;8;1;0;465;308;117;40;853;86641;/home/jesus/faculdade/grupo-pesquisa/Egov/analize_sites_Egov/webscrap_amaweb/saida_mt/2026-09-20/02-41-56/amaweb_www.torixoreu.mt.gov.br_297.json;/home/jesus/faculdade/grupo-pesquisa/Egov/analize_sites_Egov/webscrap_amaweb/saida_mt/2026-09-20/02-41-56/amaweb_www.torixoreu.mt.gov.br_297.pdf
298;5108204;Torixoréu;Legislativo;Municipal;Câmara Municipal de Torixoréu;0.6584;Intermediário;https://torixoreu.mt.leg.br/;;Sem JSON associado;Sem resultado AMAWeb;;;;;10;;;;;;;;;;;
299;5108303;União do Sul;Executivo;Municipal;Prefeitura Municipal de União do Sul;0.7415999999999999;Intermediário;https://www.uniaodosul.mt.gov.br/;https://www.uniaodosul.mt.gov.br/;URL exata;Conteúdo institucional avaliado;9.0;9.0;Página Principal - Prefeitura Municipal - União do Sul - MT;2026-09-20 07:55:55;1;2;2;0;558;391;148;19;882;147942;/home/jesus/faculdade/grupo-pesquisa/Egov/analize_sites_Egov/webscrap_amaweb/saida_mt/2026-09-20/02-41-56/amaweb_www.uniaodosul.mt.gov.br_299.json;/home/jesus/faculdade/grupo-pesquisa/Egov/analize_sites_Egov/webscrap_amaweb/saida_mt/2026-09-20/02-41-56/amaweb_www.uniaodosul.mt.gov.br_299.pdf
300;5108303;União do Sul;Legislativo;Municipal;Câmara Municipal de União do Sul;0.6934;Intermediário;https://www.uniaodosul.mt.leg.br/;;Sem JSON associado;Sem resultado AMAWeb;;;;;10;;;;;;;;;;;
301;5108352;Vale de São Domingos;Executivo;Municipal;Prefeitura Municipal de Vale de São Domingos;0.8559;Ouro;https://valedesaodomingos.mt.gov.br;https://valedesaodomingos.mt.gov.br/;URL exata;Bloqueio Cloudflare;9.6;;Access denied | valedesaodomingos.mt.gov.br used Cloudflare to restrict access | valedesaodomingos.mt.gov.br | Cloudflare;2026-09-20 08:40:55;3;0;1;0;61;30;28;3;51;7714;/home/jesus/faculdade/grupo-pesquisa/Egov/analize_sites_Egov/webscrap_amaweb/saida_mt/2026-09-20/04-27-25/amaweb_valedesaodomingos.mt.gov.br_057.json;/home/jesus/faculdade/grupo-pesquisa/Egov/analize_sites_Egov/webscrap_amaweb/saida_mt/2026-09-20/04-27-25/amaweb_valedesaodomingos.mt.gov.br_057.pdf
302;5108352;Vale de São Domingos;Legislativo;Municipal;Câmara Municipal de Vale de São Domingos;0.8608;Ouro;https://valedesaodomingos.mt.leg.br/;https://valedesaodomingos.mt.leg.br/;URL exata;Bloqueio Cloudflare;9.6;;Access denied | valedesaodomingos.mt.leg.br used Cloudflare to restrict access | valedesaodomingos.mt.leg.br | Cloudflare;2026-09-20 07:56:36;1;0;1;0;61;30;28;3;51;7714;/home/jesus/faculdade/grupo-pesquisa/Egov/analize_sites_Egov/webscrap_amaweb/saida_mt/2026-09-20/02-41-56/amaweb_valedesaodomingos.mt.leg.br_302.json;/home/jesus/faculdade/grupo-pesquisa/Egov/analize_sites_Egov/webscrap_amaweb/saida_mt/2026-09-20/02-41-56/amaweb_valedesaodomingos.mt.leg.br_302.pdf
303;5108501;Vera;Executivo;Municipal;Prefeitura Municipal de Vera;0.6663;Intermediário;https://www.vera.mt.gov.br/;https://www.vera.mt.gov.br/;URL exata;Conteúdo institucional avaliado;7.5;7.5;Página Inicial - Prefeitura de Vera - MT;2026-09-20 07:57:17;1;8;1;0;444;338;47;59;1338;256044;/home/jesus/faculdade/grupo-pesquisa/Egov/analize_sites_Egov/webscrap_amaweb/saida_mt/2026-09-20/02-41-56/amaweb_www.vera.mt.gov.br_303.json;/home/jesus/faculdade/grupo-pesquisa/Egov/analize_sites_Egov/webscrap_amaweb/saida_mt/2026-09-20/02-41-56/amaweb_www.vera.mt.gov.br_303.pdf
304;5108501;Vera;Legislativo;Municipal;Câmara Municipal de Vera;0.5889;Intermediário;https://www.vera.mt.leg.br/;https://www.vera.mt.leg.br/;URL exata;Conteúdo institucional avaliado;7.8;7.8;Página Inicial — CÂMARA MUNICIPAL DE VERA;2026-09-20 07:57:16;1;8;1;0;446;303;133;10;934;108507;/home/jesus/faculdade/grupo-pesquisa/Egov/analize_sites_Egov/webscrap_amaweb/saida_mt/2026-09-20/02-41-56/amaweb_www.vera.mt.leg.br_304.json;/home/jesus/faculdade/grupo-pesquisa/Egov/analize_sites_Egov/webscrap_amaweb/saida_mt/2026-09-20/02-41-56/amaweb_www.vera.mt.leg.br_304.pdf
305;5105507;Vila Bela da Santíssima Trindade;Executivo;Municipal;Prefeitura Municipal de Vila Bela da Santíssima Trindade;0.6197;Intermediário;https://www.vilabeladasantissimatrindade.mt.gov.br/;https://www.vilabeladasantissimatrindade.mt.gov.br/;URL exata;Conteúdo institucional avaliado;8.3;8.3;Página Inicial - Prefeitura de Vila Bela da Santíssima Trindade - MT;2026-09-20 07:57:44;1;5;1;1;502;377;54;71;1209;185386;/home/jesus/faculdade/grupo-pesquisa/Egov/analize_sites_Egov/webscrap_amaweb/saida_mt/2026-09-20/02-41-56/amaweb_www.vilabeladasantissimatrindade.mt.gov.br_305.json;/home/jesus/faculdade/grupo-pesquisa/Egov/analize_sites_Egov/webscrap_amaweb/saida_mt/2026-09-20/02-41-56/amaweb_www.vilabeladasantissimatrindade.mt.gov.br_305.pdf
306;5105507;Vila Bela da Santíssima Trindade;Legislativo;Municipal;Câmara Municipal de Vila Bela da Santíssima Trindade;0.415;Básico;https://www.camaravilabela.mt.gov.br/;https://www.camaravilabela.mt.gov.br/;URL exata;Conteúdo institucional avaliado;8.7;8.7;Câmara Municipal Vila Bela da Santíssima Trindade;2026-09-20 08:26:36;2;4;1;0;808;781;7;20;1139;165766;/home/jesus/faculdade/grupo-pesquisa/Egov/analize_sites_Egov/webscrap_amaweb/saida_mt/2026-09-20/04-02-24/amaweb_www.camaravilabela.mt.gov.br_084.json;/home/jesus/faculdade/grupo-pesquisa/Egov/analize_sites_Egov/webscrap_amaweb/saida_mt/2026-09-20/04-02-24/amaweb_www.camaravilabela.mt.gov.br_084.pdf
307;5108600;Vila Rica;Executivo;Municipal;Prefeitura Municipal de Vila Rica;0.8905;Ouro;https://www.vilarica.mt.gov.br/;https://www.vilarica.mt.gov.br/;URL exata;Conteúdo institucional avaliado;8.7;8.7;Página Inicial - Prefeitura Municipal de Vila Rica - MT;2026-09-20 07:58:34;1;4;1;0;734;652;49;33;3198;670351;/home/jesus/faculdade/grupo-pesquisa/Egov/analize_sites_Egov/webscrap_amaweb/saida_mt/2026-09-20/02-41-56/amaweb_www.vilarica.mt.gov.br_307.json;/home/jesus/faculdade/grupo-pesquisa/Egov/analize_sites_Egov/webscrap_amaweb/saida_mt/2026-09-20/02-41-56/amaweb_www.vilarica.mt.gov.br_307.pdf
308;5108600;Vila Rica;Legislativo;Municipal;Câmara Municipal de Vila Rica;0.8952;Ouro;https://camaravilarica.mt.gov.br/parlamentar/;https://camaravilarica.mt.gov.br/parlamentar/;URL exata;Conteúdo institucional avaliado;8.6;8.6;Parlamentares – Câmara Municipal de Vila Rica;2026-09-20 07:58:20;1;4;1;0;249;183;43;23;620;144867;/home/jesus/faculdade/grupo-pesquisa/Egov/analize_sites_Egov/webscrap_amaweb/saida_mt/2026-09-20/02-41-56/amaweb_camaravilarica.mt.gov.br_308.json;/home/jesus/faculdade/grupo-pesquisa/Egov/analize_sites_Egov/webscrap_amaweb/saida_mt/2026-09-20/02-41-56/amaweb_camaravilarica.mt.gov.br_308.pdf
309;5108402;Várzea Grande;Executivo;Municipal;Prefeitura Municipal de Várzea Grande;0.9654;Diamante;https://www.varzeagrande.mt.gov.br/;https://www.varzeagrande.mt.gov.br/;URL exata;Conteúdo institucional avaliado;7.7;7.7;Prefeitura Municipal de Várzea Grande - Página Inicial;2026-09-20 07:58:52;1;8;3;1;430;332;46;52;878;228685;/home/jesus/faculdade/grupo-pesquisa/Egov/analize_sites_Egov/webscrap_amaweb/saida_mt/2026-09-20/02-41-56/amaweb_www.varzeagrande.mt.gov.br_309.json;/home/jesus/faculdade/grupo-pesquisa/Egov/analize_sites_Egov/webscrap_amaweb/saida_mt/2026-09-20/02-41-56/amaweb_www.varzeagrande.mt.gov.br_309.pdf
310;5108402;Várzea Grande;Legislativo;Municipal;Câmara Municipal de Várzea Grande;0.7070000000000001;Intermediário;https://camaradevarzeagrande.com.br/;;Sem JSON associado;Sem resultado AMAWeb;;;;;10;;;;;;;;;;;
311;5100201;Água Boa;Consórcios;Municipal;Consórcio Intermunicipal de Saúde do Médio Araguaia;0.5351;Intermediário;https://www.cismasaude.com.br/;https://www.cismasaude.com.br/;URL exata;Bloqueio Cloudflare;9.6;;Access denied | www.cismasaude.com.br used Cloudflare to restrict access | www.cismasaude.com.br | Cloudflare;2026-09-20 08:25:38;2;0;1;0;61;30;28;3;49;6637;/home/jesus/faculdade/grupo-pesquisa/Egov/analize_sites_Egov/webscrap_amaweb/saida_mt/2026-09-20/04-02-24/amaweb_www.cismasaude.com.br_086.json;/home/jesus/faculdade/grupo-pesquisa/Egov/analize_sites_Egov/webscrap_amaweb/saida_mt/2026-09-20/04-02-24/amaweb_www.cismasaude.com.br_086.pdf
312;5100201;Água Boa;Executivo;Municipal;Prefeitura Municipal de Água Boa;0.745;Intermediário;https://www.aguaboa.mt.gov.br/;https://www.aguaboa.mt.gov.br/;URL exata;Bloqueio Cloudflare;9.6;;Access denied | www.aguaboa.mt.gov.br used Cloudflare to restrict access | www.aguaboa.mt.gov.br | Cloudflare;2026-09-20 07:59:02;1;0;1;0;61;30;28;3;49;6637;/home/jesus/faculdade/grupo-pesquisa/Egov/analize_sites_Egov/webscrap_amaweb/saida_mt/2026-09-20/02-41-56/amaweb_www.aguaboa.mt.gov.br_312.json;/home/jesus/faculdade/grupo-pesquisa/Egov/analize_sites_Egov/webscrap_amaweb/saida_mt/2026-09-20/02-41-56/amaweb_www.aguaboa.mt.gov.br_312.pdf
313;5100201;Água Boa;Legislativo;Municipal;Câmara Municipal de Água Boa;0.6711;Intermediário;https://aguaboa.mt.leg.br/;https://aguaboa.mt.leg.br/;URL exata;Conteúdo institucional avaliado;7.9;7.9;Câmara Municipal de Água Boa - MT;2026-09-20 07:59:27;1;4;2;0;395;244;144;7;1054;142952;/home/jesus/faculdade/grupo-pesquisa/Egov/analize_sites_Egov/webscrap_amaweb/saida_mt/2026-09-20/02-41-56/amaweb_aguaboa.mt.leg.br_313.json;/home/jesus/faculdade/grupo-pesquisa/Egov/analize_sites_Egov/webscrap_amaweb/saida_mt/2026-09-20/02-41-56/amaweb_aguaboa.mt.leg.br_313.pdf
